municipality,year,population,care_recievers,old,cost,public_providers,hours,keep,rightwing,leftwing,density,town,countryside,private
 Ale,2015,28862,6.2,18.2,322333,60,39,1,1,0,95.3,0,0,1
 Ale,2016,29549,5.9,17.9,342506,65.6,33,1,1,0,95.3,0,0,1
 Ale,2017,30223,5.9,17.7,353658,71,32,1,1,0,95.3,0,0,1
 Ale,2014,28423,5.9,18.1,309379,88,35,1,1,0,95.3,0,0,1
 Alingsås,2015,39602,7.1,21.7,265002,63,39,1,1,0,85.6,0,0,1
 Alingsås,2017,40390,6.8,22.2,291950,71,41,1,1,0,85.6,0,0,1
 Alingsås,2014,39188,6.9,21.4,257216,83,38,1,1,0,85.6,0,0,1
 Alingsås,2016,40045,7.1,22,268102,83,38,1,1,0,85.6,0,0,1
 Älmhult,2016,16618,7.7,20.9,290993,50,37,1,1,0,19.3,0,1,1
 Älmhult,2015,16168,8.9,21.1,284262,67,32,1,1,0,19.3,0,1,1
 Älmhult,2014,15908,9.3,21.2,246092,80,28,1,1,0,19.3,0,1,1
 Älmhult,2017,17148,7.5,20.2,306957,80,28,1,1,0,19.3,0,1,1
 Älvdalen,2014,7052,8.9,27.2,213252,100,35,1,1,0,1,0,1,0
 Älvdalen,2015,7035,8.4,27.8,283716,100,43,1,1,0,1,0,1,0
 Älvdalen,2016,7039,8.1,27.8,275519,100,42,1,1,0,1,0,1,0
 Älvdalen,2017,7068,7.6,27.9,296786,100,40,1,1,0,1,0,1,0
 Alvesta,2014,19503,6.2,21.3,262156,100,39,1,0,0,20.6,1,0,0
 Alvesta,2015,19581,6.8,21.6,271323,100,37,1,0,0,20.6,1,0,0
 Alvesta,2016,19850,7.8,21.8,280490,100,39,1,0,0,20.6,1,0,0
 Alvesta,2017,20026,7.8,21.9,236896,100,37,1,0,0,20.6,1,0,0
 Älvkarleby,2014,9169,8.3,23.5,291650,100,33,1,1,0,43.7,1,0,0
 Älvkarleby,2015,9293,8.7,23.3,316456,100,41,1,1,0,43.7,1,0,0
 Älvkarleby,2016,9445,8.5,23.3,329718,100,43,1,1,0,43.7,1,0,0
 Älvkarleby,2017,9402,8.6,23.8,374246,100,48,1,1,0,43.7,1,0,0
 Älvsbyn,2014,8171,9.3,25.4,240552,100,42,1,1,0,4.9,1,0,0
 Älvsbyn,2015,8183,8.2,25.6,272122,100,42,1,1,0,4.9,1,0,0
 Älvsbyn,2016,8193,8.2,25.8,274491,100,41,1,1,0,4.9,1,0,0
 Älvsbyn,2017,8274,8.1,25.7,231400,100,35,1,1,0,4.9,1,0,0
 Åmål,2014,12326,7.8,26.1,269487,83,27,1,1,0,26.4,0,1,1
 Åmål,2017,12711,7.8,25.7,270195,86,27,1,1,0,26.4,0,1,1
 Åmål,2015,12601,7.7,25.7,276050,100,24,1,1,0,26.4,0,1,1
 Åmål,2016,12801,7.5,25.4,281648,100,26,1,1,0,26.4,0,1,1
 Aneby,2016,6603,10.2,22.2,233225,50,44,1,0,1,13.1,1,0,0
 Aneby,2014,6426,9.8,22.3,215846,100,53,1,0,1,13.1,1,0,0
 Aneby,2015,6537,9.3,22.2,244177,100,43,1,0,1,13.1,1,0,0
 Aneby,2017,6776,9.2,21.8,265639,100,38,1,0,1,13.1,1,0,0
 Ånge,2014,9484,11.7,26.8,161425,100,24,1,1,0,3.1,0,1,0
 Ånge,2015,9493,9.8,27.1,206865,100,24,1,1,0,3.1,0,1,0
 Ånge,2016,9495,9.8,27,216904,100,18,1,1,0,3.1,0,1,0
 Ånge,2017,9480,11.1,27.1,226195,100,15,1,1,0,3.1,0,1,0
 Ängelholm,2014,40229,6,23.3,376015,56,35,1,0,0,99.5,1,0,1
 Ängelholm,2015,40732,7,23.5,295227,56,34,1,0,0,99.5,1,0,1
 Ängelholm,2016,41336,7.7,23.6,283146,63,30,1,0,0,99.5,1,0,1
 Ängelholm,2017,41786,7.3,23.6,296642,67,27,1,0,0,99.5,1,0,1
 Arboga,2014,13631,5.6,25.3,223580,100,29,1,0,0,42.8,0,1,0
 Arboga,2015,13858,5.8,25.2,243510,100,35,1,0,0,42.8,0,1,0
 Arboga,2016,13903,5.8,25.2,229438,100,31,1,0,0,42.8,0,1,0
 Arboga,2017,13934,5.4,25.4,235137,100,31,1,0,0,42.8,0,1,0
 Åre,2014,10555,9.9,18.1,150807,100,18,1,0,0,1.6,0,1,0
 Åre,2015,10677,8.6,18.2,240685,100,20,1,0,0,1.6,0,1,0
 Åre,2016,11088,8.7,17.6,296028,100,22,1,0,0,1.6,0,1,0
 Åre,2017,11268,8.6,17.5,267400,100,21,1,0,0,1.6,0,1,0
 Årjäng,2014,9804,6.9,23.7,290162,100,25,1,0,0,7.1,0,1,0
 Årjäng,2015,9869,7,23.9,306456,100,28,1,0,0,7.1,0,1,0
 Årjäng,2016,9958,6.9,24.1,321238,100,28,1,0,0,7.1,0,1,0
 Årjäng,2017,9948,6.9,24.4,319380,100,29,1,0,0,7.1,0,1,0
 Arjeplog,2014,2907,7,27.3,252932,100,27,1,1,0,0.2,0,1,0
 Arjeplog,2015,2887,6.3,27.2,309317,100,31,1,1,0,0.2,0,1,0
 Arjeplog,2016,2876,6.5,27.1,261238,100,31,1,1,0,0.2,0,1,0
 Arjeplog,2017,2821,7.4,27.5,230676,100,31,1,1,0,0.2,0,1,0
 Arvidsjaur,2014,6484,10.4,26.5,183759,100,35,1,1,0,1.1,0,1,0
 Arvidsjaur,2015,6471,10,26.8,192595,100,34,1,1,0,1.1,0,1,0
 Arvidsjaur,2016,6442,9.7,26.7,203910,100,31,1,1,0,1.1,0,1,0
 Arvidsjaur,2017,6440,9.4,26.5,201016,100,29,1,1,0,1.1,0,1,0
 Arvika,2014,25771,7.4,24.7,306207,100,36,1,1,0,15.8,0,1,0
 Arvika,2015,25841,7.1,24.9,333846,100,30,1,1,0,15.8,0,1,0
 Arvika,2016,26054,6.9,25,351581,100,30,1,1,0,15.8,0,1,0
 Arvika,2017,26060,6.6,25.3,381786,100,31,1,1,0,15.8,0,1,0
 Askersund,2014,11119,11.5,27.4,192893,100,40,1,1,0,13.7,1,0,0
 Askersund,2015,11151,11.7,27.6,198945,100,41,1,1,0,13.7,1,0,0
 Askersund,2016,11282,9.9,27.6,257586,100,40,1,1,0,13.7,1,0,0
 Askersund,2017,11175,8.1,27.9,330835,100,35,1,1,0,13.7,1,0,0
 Åstorp,2014,15061,6.7,18.1,283866,100,28,1,0,0,171.4,1,0,0
 Åstorp,2015,15193,7,18.3,270919,100,30,1,0,0,171.4,1,0,0
 Åstorp,2016,15528,7.1,18.1,283706,100,34,1,0,0,171.4,1,0,0
 Åstorp,2017,15828,6.6,18,342598,100,37,1,0,0,171.4,1,0,0
 Åtvidaberg,2014,11472,6.8,24.9,263880,100,27,1,0,0,16.9,1,0,0
 Åtvidaberg,2015,11545,5.9,25.1,312226,100,27,1,0,0,16.9,1,0,0
 Åtvidaberg,2016,11617,5.8,25.3,361390,100,27,1,0,0,16.9,1,0,0
 Åtvidaberg,2017,11631,6.1,25.6,352146,100,31,1,0,0,16.9,1,0,0
 Avesta,2014,22022,7.6,24.8,205858,100,24,1,1,0,37.9,0,1,0
 Avesta,2015,22781,7.9,24.3,238159,100,26,1,1,0,37.9,0,1,0
 Avesta,2016,23161,7.6,24.2,250280,100,27,1,1,0,37.9,0,1,0
 Avesta,2017,23256,7.8,24.4,259337,100,28,1,1,0,37.9,0,1,0
 Båstad,2014,14419,6.4,29.8,337142,75,35,1,0,1,68.1,0,1,0
 Båstad,2015,14373,6.6,30.1,348878,100,35,1,0,1,68.1,0,1,0
 Båstad,2016,14614,6.6,29.9,376198,100,34,1,0,1,68.1,0,1,0
 Båstad,2017,14796,6.7,30.4,344510,100,31,1,0,1,68.1,0,1,0
 Bengtsfors,2014,9556,7.4,28.4,244348,100,23,1,0,0,11.2,0,1,0
 Bengtsfors,2015,9626,7.9,28.9,225055,100,24,1,0,0,11.2,0,1,0
 Bengtsfors,2016,9940,8.4,28.5,221564,100,22,1,0,0,11.2,0,1,0
 Bengtsfors,2017,9905,8.2,28.7,225677,100,23,1,0,0,11.2,0,1,0
 Berg,2015,7032,10.9,28.5,212423,75,19,1,1,0,1.2,1,0,1
 Berg,2016,7081,11.2,28,215640,75,19,1,1,0,1.2,1,0,1
 Berg,2017,7122,10.3,28.1,230738,80,23,1,1,0,1.2,1,0,1
 Berg,2014,7067,10.2,28,259208,100,20,1,1,0,1.2,1,0,1
 Bjurholm,2014,2451,9,29.9,188064,100,26,1,0,1,1.9,1,0,0
 Bjurholm,2015,2453,9.3,29.9,183906,100,30,1,0,1,1.9,1,0,0
 Bjurholm,2016,2454,9.4,29.7,209004,100,34,1,0,1,1.9,1,0,0
 Bjurholm,2017,2451,9.7,30.1,249747,100,32,1,0,1,1.9,1,0,0
 Boden,2014,27887,8.6,23.3,267485,56,43,1,0,0,7,1,0,1
 Boden,2015,27913,7.2,23.6,308295,88,41,1,0,0,7,1,0,1
 Boden,2016,28042,6.9,23.9,275706,88,33,1,0,0,7,1,0,1
 Boden,2017,28181,7.3,24.2,266986,88,31,1,0,0,7,1,0,1
 Bollnäs,2014,26394,9.7,25.1,274220,80,35,1,0,0,14.8,0,1,1
 Bollnäs,2015,26594,8.8,25.1,319097,88,35,1,0,0,14.8,0,1,1
 Bollnäs,2016,26929,8.3,25.2,355948,88,35,1,0,0,14.8,0,1,1
 Bollnäs,2017,26918,8.2,25.2,358241,100,34,1,0,0,14.8,0,1,1
 Borås,2016,109880,9.1,19.3,276211,67,26,1,1,0,122,1,0,1
 Borås,2015,108488,9.3,19.3,282459,71,28,1,1,0,122,1,0,1
 Borås,2017,111026,8.8,19.2,311093,75,26,1,1,0,122,1,0,1
 Borås,2014,107022,9.3,19.2,274148,77,28,1,1,0,122,1,0,1
 Borgholm,2014,10681,7.4,32.5,323176,100,43,1,1,0,16,0,1,0
 Borgholm,2015,10681,7.3,33.4,329175,100,45,1,1,0,16,0,1,0
 Borgholm,2016,10930,7,33.2,353308,100,48,1,1,0,16,0,1,0
 Borgholm,2017,10857,6.8,33.9,380275,100,48,1,1,0,16,0,1,0
 Borlänge,2014,50715,12.3,19.6,177535,100,29,1,1,0,89,1,0,0
 Borlänge,2015,50988,12.1,19.7,189511,100,33,1,1,0,89,1,0,0
 Borlänge,2016,51604,11.9,19.7,213255,100,37,1,1,0,89,1,0,0
 Borlänge,2017,51964,11.6,19.6,230602,100,37,1,1,0,89,1,0,0
 Botkyrka,2014,88901,6.8,13.7,156242,100,34,1,1,0,473.5,0,0,0
 Botkyrka,2015,89425,5.7,13.8,199914,100,37,1,1,0,473.5,0,0,0
 Botkyrka,2016,90675,6.4,13.8,197670,100,34,1,1,0,473.5,0,0,0
 Botkyrka,2017,91925,6.3,13.8,197829,100,36,1,1,0,473.5,0,0,0
 Boxholm,2014,5322,6.9,24.3,271757,100,8,1,1,0,10.4,0,1,0
 Boxholm,2015,5328,7.6,25,251064,100,9,1,1,0,10.4,0,1,0
 Boxholm,2016,5373,7.4,25.4,254213,100,5,1,1,0,10.4,0,1,0
 Boxholm,2017,5453,8,25.6,324297,100,5,1,1,0,10.4,0,1,0
 Bräcke,2014,6463,9.4,27.6,322849,100,35,1,0,0,1.9,1,0,0
 Bräcke,2015,6455,9.4,27.8,310065,100,31,1,0,0,1.9,1,0,0
 Bräcke,2016,6492,10,27.6,335240,100,33,1,0,0,1.9,1,0,0
 Bräcke,2017,6501,9.7,27.5,334737,100,33,1,0,0,1.9,1,0,0
 Bromölla,2014,12400,6.1,23.2,270458,100,23,1,1,0,78.2,0,1,0
 Bromölla,2015,12513,6.3,23.7,267521,100,22,1,1,0,78.2,0,1,0
 Bromölla,2016,12625,6.3,23.8,296293,100,25,1,1,0,78.2,0,1,0
 Bromölla,2017,12699,5.4,24.3,350156,100,28,1,1,0,78.2,0,1,0
 Burlöv,2014,17211,6.4,17.9,230238,100,36,1,0,0,956.2,0,0,0
 Burlöv,2015,17430,7.2,17.9,223247,100,37,1,0,0,956.2,0,0,0
 Burlöv,2016,17646,7.7,17.9,184553,100,44,1,0,0,956.2,0,0,0
 Burlöv,2017,18073,7.6,17.8,200188,100,47,1,0,0,956.2,0,0,0
 Dals-Ed,2014,4764,6.5,25.7,255547,100,31,1,0,1,6.6,0,1,0
 Dals-Ed,2015,4799,5.8,26,319931,100,26,1,0,1,6.6,0,1,0
 Dals-Ed,2016,4777,6.6,26.6,275786,100,30,1,0,1,6.6,0,1,0
 Dals-Ed,2017,4763,7.6,27.3,257711,100,35,1,0,1,6.6,0,1,0
 Degerfors,2014,9531,5.4,26.3,402811,100,30,1,1,0,25.2,0,1,0
 Degerfors,2015,9543,5.7,26.7,381222,100,23,1,1,0,25.2,0,1,0
 Degerfors,2016,9609,5.8,26.6,387398,100,22,1,1,0,25.2,0,1,0
 Degerfors,2017,9668,5.2,26.9,431416,100,20,1,1,0,25.2,0,1,0
 Dorotea,2014,2757,9.6,30.1,166025,100,26,1,0,0,1,0,1,0
 Dorotea,2015,2740,9.7,30.2,205535,100,32,1,0,0,1,0,1,0
 Dorotea,2016,2719,10,30,179361,100,38,1,0,0,1,0,1,0
 Dorotea,2017,2646,9.2,30.5,142726,100,35,1,0,0,1,0,1,0
 Eda,2014,8453,7.1,24.5,335251,100,46,1,0,0,10.5,0,1,0
 Eda,2015,8505,7.9,24.5,323212,100,42,1,0,0,10.5,0,1,0
 Eda,2016,8526,7.8,24.3,368949,100,41,1,0,0,10.5,0,1,0
 Eda,2017,8618,7.4,24,356566,100,39,1,0,0,10.5,0,1,0
 Ekerö,2014,26698,7.9,16.5,154323,20,30,1,0,1,127.6,0,0,1
 Ekerö,2015,26984,8.2,16.8,161767,25,31,1,0,1,127.6,0,0,1
 Ekerö,2016,27406,8.3,16.9,170889,25,31,1,0,1,127.6,0,0,1
 Ekerö,2017,27753,8.8,17,184161,25,34,1,0,1,127.6,0,0,1
 Eksjö,2016,17129,8.5,24.4,328813,80,58,1,0,1,21.8,0,1,0
 Eksjö,2014,16598,8.6,24.2,304172,100,47,1,0,1,21.8,0,1,0
 Eksjö,2015,16790,8.2,24.5,316053,100,50,1,0,1,21.8,0,1,0
 Eksjö,2017,17416,8.2,24.2,353836,100,57,1,0,1,21.8,0,1,0
 Emmaboda,2014,9009,7.6,26.8,232741,100,27,1,1,0,13.6,0,1,0
 Emmaboda,2015,9090,7.3,26.9,255061,100,25,1,1,0,13.6,0,1,0
 Emmaboda,2016,9348,7.2,26.5,289906,100,23,1,1,0,13.6,0,1,0
 Emmaboda,2017,9368,6.2,26.5,355227,100,23,1,1,0,13.6,0,1,0
 Enköping,2014,41163,7.7,21,214280,73,39,1,1,0,37.2,1,0,1
 Enköping,2017,43797,7.6,20.8,271255,76,48,1,1,0,37.2,1,0,1
 Enköping,2016,42988,7.3,20.8,271344,79,42,1,1,0,37.2,1,0,1
 Enköping,2015,41893,7.3,21,231326,88,40,1,1,0,37.2,1,0,1
 Eskilstuna,2014,100923,8.2,19.6,225746,96,30,1,0,0,95.2,1,0,0
 Eskilstuna,2015,102065,7.9,19.8,258463,100,30,1,0,0,95.2,1,0,0
 Eskilstuna,2016,103684,7.5,19.7,267121,100,32,1,0,0,95.2,1,0,0
 Eskilstuna,2017,104709,7.4,19.7,268338,100,32,1,0,0,95.2,1,0,0
 Eslöv,2015,32438,5.9,18.6,325615,75,35.5,1,0,0,79.3,1,0,1
 Eslöv,2016,32878,5.7,18.6,352725,80,34,1,0,0,79.3,1,0,1
 Eslöv,2017,33236,5.6,18.6,372584,80,52,1,0,0,79.3,1,0,1
 Eslöv,2014,32179,6.1,18.5,298505,100,37,1,0,0,79.3,1,0,1
 Essunga,2016,5620,7.5,24.8,198176,50,30,1,0,1,24.1,0,1,1
 Essunga,2017,5647,8.4,25.4,191420,50,31,1,0,1,24.1,0,1,1
 Essunga,2014,5538,7.3,24.4,226786,100,36,1,0,1,24.1,0,1,1
 Essunga,2015,5590,7.1,24.7,238663,100,31,1,0,1,24.1,0,1,1
 Fagersta,2014,13133,10.1,23.3,152936,100,27,1,1,0,49.9,0,1,0
 Fagersta,2015,13286,12,23.3,138253,100,25,1,1,0,49.9,0,1,0
 Fagersta,2016,13445,12.2,23,143591,100,26,1,1,0,49.9,0,1,0
 Fagersta,2017,13415,12.2,23.2,142835,100,26,1,1,0,49.9,0,1,0
 Falkenberg,2014,42433,11,23.3,136245,36,23,1,0,1,39.9,0,1,1
 Falkenberg,2016,43867,11.3,23.6,156733,40,24,1,0,1,39.9,0,1,1
 Falkenberg,2015,42949,10.5,23.5,163718,44,25,1,0,1,39.9,0,1,1
 Falkenberg,2017,44195,11.5,23.9,177742,44,22,1,0,1,39.9,0,1,1
 Falköping,2017,33077,9.7,21.7,218548,25,28,1,0,0,31.7,0,1,1
 Falköping,2016,32806,10,21.7,208838,57,32,1,0,0,31.7,0,1,1
 Falköping,2014,32185,9.7,21.9,176348,67,31,1,0,0,31.7,0,1,1
 Falköping,2015,32511,9.8,21.8,210313,67,33,1,0,0,31.7,0,1,1
 Falun,2014,56896,11.7,21,200140,73,34,1,0,0,28.6,0,1,1
 Falun,2016,57685,10.2,21.4,252133,81,36,1,0,0,28.6,0,1,1
 Falun,2017,58340,9.6,21.7,280072,82,38,1,0,0,28.6,0,1,1
 Falun,2015,57062,10.8,21.3,232092,84,35,1,0,0,28.6,0,1,1
 Färgelanda,2014,6502,9.9,24.7,150610,100,17,1,0,0,11.2,1,0,0
 Färgelanda,2015,6495,9.3,25.1,156978,100,18,1,0,0,11.2,1,0,0
 Färgelanda,2016,6627,9.9,24.9,146426,100,16,1,0,0,11.2,1,0,0
 Färgelanda,2017,6592,10.1,25.3,136872,100,18,1,0,0,11.2,1,0,0
 Filipstad,2016,10960,11.6,26.3,302099,80,45,1,0,0,7,0,1,1
 Filipstad,2017,10783,12.4,27.1,298567,80,43,1,0,0,7,0,1,1
 Filipstad,2014,10613,9.9,27.1,309402,100,37,1,0,0,7,0,1,1
 Filipstad,2015,10625,9.8,27.2,338245,100,40,1,0,0,7,0,1,1
 Flen,2014,16242,6.9,26.4,253654,100,25,1,0,0,23.5,1,0,0
 Flen,2015,16440,7,26.6,249928,100,26,1,0,0,23.5,1,0,0
 Flen,2016,16830,6.8,26.7,225426,100,28,1,0,0,23.5,1,0,0
 Flen,2017,16864,7.4,27,256534,100,29,1,0,0,23.5,1,0,0
 Forshaga,2014,11379,6.4,22.8,345920,100,36,1,1,0,33.1,1,0,0
 Forshaga,2015,11379,6.7,23,352581,100,35,1,1,0,33.1,1,0,0
 Forshaga,2016,11451,7.1,23.1,349931,100,42,1,1,0,33.1,1,0,0
 Forshaga,2017,11509,7,23.1,359754,100,41,1,1,0,33.1,1,0,0
 Gagnef,2014,10024,7,23.4,272547,100,34,1,1,0,13.3,1,0,0
 Gagnef,2015,10079,6.2,23.8,306707,100,37,1,1,0,13.3,1,0,0
 Gagnef,2016,10175,5.7,24.3,310002,100,41,1,1,0,13.3,1,0,0
 Gagnef,2017,10241,5.6,24.3,268952,100,44,1,1,0,13.3,1,0,0
 Gällivare,2016,17956,5.3,24.6,372411,83,47,1,0,0,1.1,0,1,0
 Gällivare,2014,18231,5.7,24.2,325773,100,40,1,0,0,1.1,0,1,0
 Gällivare,2015,18123,6.1,24.4,319169,100,43,1,0,0,1.1,0,1,0
 Gällivare,2017,17825,5.3,24.7,388708,100,50,1,0,0,1.1,0,1,0
 Gävle,2016,99788,7.6,20.1,241543,50,41,1,0,1,62.3,1,0,1
 Gävle,2015,98877,7.5,20,232763,53,39,1,0,1,62.3,1,0,1
 Gävle,2017,100603,7.4,20.2,243867,53,40,1,0,1,62.3,1,0,1
 Gävle,2014,98314,7.6,19.8,237912,63,41,1,0,1,62.3,1,0,1
 Gislaved,2015,29272,8.6,20,150590,50,26,1,0,0,26.1,0,1,1
 Gislaved,2016,29478,9,20.1,182952,67,29,1,0,0,26.1,0,1,1
 Gislaved,2017,29629,8.7,20.2,203927,67,31,1,0,0,26.1,0,1,1
 Gislaved,2014,28737,8.6,20.1,133150,100,27,1,0,0,26.1,0,1,1
 Gnesta,2015,10649,5.1,22.6,367455,67,31,1,0,0,23.9,1,0,0
 Gnesta,2014,10513,7,22.1,259325,100,30,1,0,0,23.9,1,0,0
 Gnesta,2016,10861,5.5,22.7,297782,100,35,1,0,0,23.9,1,0,0
 Gnesta,2017,11019,5.3,22.9,340110,100,37,1,0,0,23.9,1,0,0
 Gnosjö,2014,9509,8.3,19.1,267617,75,26,1,0,1,23.1,0,1,0
 Gnosjö,2015,9514,8.6,19.6,287321,100,25,1,0,1,23.1,0,1,0
 Gnosjö,2016,9615,9,19.9,275575,100,25,1,0,1,23.1,0,1,0
 Gnosjö,2017,9733,8.9,20,261262,100,23,1,0,1,23.1,0,1,0
 Göteborg,2014,541145,10.2,15.3,188927,100,27,1,1,0,1259.3,0,0,0
 Göteborg,2015,548190,10,15.4,235698,100,27,1,1,0,1259.3,0,0,0
 Göteborg,2016,556640,9.6,15.3,226594,100,27,1,1,0,1259.3,0,0,0
 Göteborg,2017,564039,9.3,15.4,235436,100,26,1,1,0,1259.3,0,0,0
 Götene,2014,13080,4.8,23.2,347722,100,35,1,1,0,32.7,0,1,0
 Götene,2015,13160,3.6,23.5,465518,100,34,1,1,0,32.7,0,1,0
 Götene,2016,13275,7.8,23.8,213256,100,41,1,1,0,32.7,0,1,0
 Götene,2017,13242,8.1,24.4,225406,100,38,1,1,0,32.7,0,1,0
 Gotland,2014,57255,8.1,23.9,226616,55,50,1,1,0,18.7,0,1,1
 Gotland,2016,58003,7.1,24.7,246711,73,47,1,1,0,18.7,0,1,1
 Gotland,2017,58595,6.9,25.1,246907,74,46,1,1,0,18.7,0,1,1
 Gotland,2015,57391,7.7,24.5,240698,76,50,1,1,0,18.7,0,1,1
 Grästorp,2014,5630,6.6,23.6,258846,100,28,1,0,1,21.7,1,0,0
 Grästorp,2015,5644,6.7,23.8,259387,100,29,1,0,1,21.7,1,0,0
 Grästorp,2016,5721,5.8,24.3,302487,100,30,1,0,1,21.7,1,0,0
 Grästorp,2017,5750,6,24.8,304735,100,32,1,0,1,21.7,1,0,0
 Grums,2014,8958,8.2,25.3,168509,100,19,1,1,0,23.3,1,0,0
 Grums,2015,8945,8.9,25.7,162394,100,22,1,1,0,23.3,1,0,0
 Grums,2016,9063,8.8,25.2,190169,100,22,1,1,0,23.3,1,0,0
 Grums,2017,9011,9.2,25.6,252827,100,22,1,1,0,23.3,1,0,0
 Gullspång,2014,5240,8.2,29.3,215583,100,35,1,0,0,16.7,0,1,0
 Gullspång,2015,5229,8.7,29.6,191416,100,41,1,0,0,16.7,0,1,0
 Gullspång,2016,5307,8.5,29.4,249990,100,39,1,0,0,16.7,0,1,0
 Gullspång,2017,5280,7.4,30.2,333610,100,35,1,0,0,16.7,0,1,0
 Habo,2016,11586,6.3,17.5,368116,67,29,1,0,0,36.1,1,0,0
 Habo,2014,11110,6.5,17.3,294099,100,25,1,0,0,36.1,1,0,0
 Habo,2015,11314,6.3,17.4,363199,100,26,1,0,0,36.1,1,0,0
 Habo,2017,11845,6.3,17.4,384819,100,27,1,0,0,36.1,1,0,0
 Håbo,2014,20034,5.9,17.4,224583,33,30,1,0,1,146.9,0,0,1
 Håbo,2015,20279,5.7,17.8,258853,33,28,1,0,1,146.9,0,0,1
 Håbo,2016,20737,6.1,17.9,272215,33,30,1,0,1,146.9,0,0,1
 Håbo,2017,21083,6.2,17.8,275670,33,35,1,0,1,146.9,0,0,1
 Hagfors,2014,11921,7.8,28.5,328219,100,45,1,1,0,6.5,0,1,0
 Hagfors,2015,11824,7.3,28.8,348645,100,46,1,1,0,6.5,0,1,0
 Hagfors,2016,11917,7.6,28.7,392065,100,53,1,1,0,6.5,0,1,0
 Hagfors,2017,11782,7.7,29.1,331522,100,49,1,1,0,6.5,0,1,0
 Hällefors,2014,6936,9,28.8,288008,100,36,1,0,0,7.2,0,1,0
 Hällefors,2015,7032,8.6,28.9,290580,100,41,1,0,0,7.2,0,1,0
 Hällefors,2016,7138,8.9,28.9,367777,100,44,1,0,0,7.2,0,1,0
 Hällefors,2017,7109,8.4,28.8,405986,100,44,1,0,0,7.2,0,1,0
 Hallsberg,2014,15315,6.8,22.4,131524,100,29,1,1,0,25,1,0,0
 Hallsberg,2015,15509,6.9,22.8,202493,100,28,1,1,0,25,1,0,0
 Hallsberg,2016,15649,6.6,22.8,212887,100,27,1,1,0,25,1,0,0
 Hallsberg,2017,15932,6.5,22.4,241357,100,28,1,1,0,25,1,0,0
 Hallstahammar,2014,15596,3.8,23.9,341317,100,20,1,1,0,94.4,1,0,0
 Hallstahammar,2015,15645,5.5,23.9,268106,100,28,1,1,0,94.4,1,0,0
 Hallstahammar,2016,15843,7.1,24.1,257766,100,33,1,1,0,94.4,1,0,0
 Hallstahammar,2017,15998,6.9,24.2,275401,100,31,1,1,0,94.4,1,0,0
 Halmstad,2016,98538,8.7,20.5,295481,75,33,1,0,1,98.4,1,0,1
 Halmstad,2014,95532,7.6,20.4,271601,76,28,1,0,1,98.4,1,0,1
 Halmstad,2015,96952,8.8,20.5,318143,81,32,1,0,1,98.4,1,0,1
 Halmstad,2017,99752,8.5,20.5,323672,81,33,1,0,1,98.4,1,0,1
 Hammarö,2014,15256,5.2,18.5,340932,100,31,1,0,0,272.1,1,0,0
 Hammarö,2015,15420,5.3,18.8,343493,100,35,1,0,0,272.1,1,0,0
 Hammarö,2016,15725,5.6,19.1,367828,100,34,1,0,0,272.1,1,0,0
 Hammarö,2017,16174,8.4,19,277919,100,34,1,0,0,272.1,1,0,0
 Haninge,2017,88037,9.1,15.3,206299,24,49,1,0,0,192.3,0,0,1
 Haninge,2016,85693,8.6,15.5,202605,27,45,1,0,0,192.3,0,0,1
 Haninge,2015,83866,8.7,15.5,184849,36,42,1,0,0,192.3,0,0,1
 Haninge,2014,82407,8.4,15.4,179072,40,41,1,0,0,192.3,0,0,1
 Haparanda,2014,9776,10.4,25.9,167559,0,44,1,1,0,10.6,0,1,1
 Haparanda,2015,9831,9.1,26.5,196808,0,37,1,1,0,10.6,0,1,1
 Haparanda,2017,9805,5.9,27.8,331967,0,33,1,1,0,10.6,0,1,1
 Haparanda,2016,9864,7.3,26.9,260444,67,38,1,1,0,10.6,0,1,1
 Härjedalen,2014,10224,10,28.6,270099,100,26,1,0,1,0.9,0,1,0
 Härjedalen,2015,10262,10.2,28.5,324487,100,30,1,0,1,0.9,0,1,0
 Härjedalen,2016,10200,10.6,28.9,398791,100,30,1,0,1,0.9,0,1,0
 Härjedalen,2017,10154,10.9,29,366208,100,28,1,0,1,0.9,0,1,0
 Härnösand,2014,24755,7.9,25.3,325728,88,49,1,1,0,23.8,0,1,0
 Härnösand,2015,25066,7.7,25.2,299963,100,36,1,1,0,23.8,0,1,0
 Härnösand,2016,25269,7.8,25.2,277724,100,29,1,1,0,23.8,0,1,0
 Härnösand,2017,25190,8,25.6,296418,100,27,1,1,0,23.8,0,1,0
 Härryda,2014,36291,5.8,15.7,211104,67,24,1,0,1,140.3,0,0,0
 Härryda,2015,36651,6,15.9,213961,100,26,1,0,1,140.3,0,0,0
 Härryda,2016,37108,5.5,15.9,235166,100,26,1,0,1,140.3,0,0,0
 Härryda,2017,37412,5.4,16,253615,100,26,1,0,1,140.3,0,0,0
 Hässleholm,2014,50565,9,22.9,184812,67,44,1,0,0,41,0,1,1
 Hässleholm,2015,51048,8.5,23.1,209589,79,44,1,0,0,41,0,1,1
 Hässleholm,2016,51667,8.4,23.1,226381,85,44,1,0,0,41,0,1,1
 Hässleholm,2017,52003,7,23.1,285099,100,46,1,0,0,41,0,1,1
 Heby,2016,13755,7.6,24.2,219913,50,30,1,0,1,11.9,1,0,0
 Heby,2014,13490,7.9,23.9,158972,100,24,1,0,1,11.9,1,0,0
 Heby,2015,13594,7.9,24.1,221170,100,30,1,0,1,11.9,1,0,0
 Heby,2017,13854,6.9,24.1,263438,100,29,1,0,1,11.9,1,0,0
 Hedemora,2014,15085,7.3,24.8,305183,100,47,1,0,0,18.6,0,1,0
 Hedemora,2015,15235,7,24.9,333347,100,41,1,0,0,18.6,0,1,0
 Hedemora,2016,15461,7.3,24.8,318664,100,32,1,0,0,18.6,0,1,0
 Hedemora,2017,15566,7.2,25,327844,100,31,1,0,0,18.6,0,1,0
 Helsingborg,2015,137909,9.8,18.9,170795,32,19,1,0,1,416.7,1,0,1
 Helsingborg,2017,143304,8.65,18.7,180130,33,21,1,0,1,416.7,1,0,1
 Helsingborg,2014,135344,9.9,18.9,156234,38,18,1,0,1,416.7,1,0,1
 Helsingborg,2016,140547,9.5,18.9,180130,38,21,1,0,1,416.7,1,0,1
 Herrljunga,2014,9376,7.8,22.6,294699,100,33,1,0,0,19.1,1,0,0
 Herrljunga,2015,9349,8.6,22.9,296770,100,33,1,0,0,19.1,1,0,0
 Herrljunga,2016,9486,8,23.2,257853,100,32,1,0,0,19.1,1,0,0
 Herrljunga,2017,9485,8.4,23.7,272355,100,31,1,0,0,19.1,1,0,0
 Hjo,2014,8885,5.9,25,278189,100,20,1,0,1,30.6,0,1,0
 Hjo,2015,8983,6,25.2,277370,100,22,1,0,1,30.6,0,1,0
 Hjo,2016,9048,5.8,25.7,291714,100,23,1,0,1,30.6,0,1,0
 Hjo,2017,9093,5.8,26.1,304940,100,22,1,0,1,30.6,0,1,0
 Hofors,2014,9431,6.2,25.6,241457,100,22,1,0,0,23.6,1,0,0
 Hofors,2015,9435,6.5,25.6,236656,100,20,1,0,0,23.6,1,0,0
 Hofors,2016,9564,6.7,25.5,224006,100,16,1,0,0,23.6,1,0,0
 Hofors,2017,9660,7.1,25.4,228776,100,18,1,0,0,23.6,1,0,0
 Höganäs,2014,25298,4.7,25.5,297402,57,29,1,0,1,182.5,1,0,0
 Höganäs,2015,25610,4.9,25.8,293670,100,31,1,0,1,182.5,1,0,0
 Höganäs,2016,25847,5,26.1,331496,100,34,1,0,1,182.5,1,0,0
 Höganäs,2017,26193,4.7,26.2,321795,100,33,1,0,1,182.5,1,0,0
 Högsby,2014,5782,11.9,25.8,152935,100,34,1,0,1,8.1,0,1,0
 Högsby,2015,5857,13,25.7,140118,100,37.5,1,0,1,8.1,0,1,0
 Högsby,2016,6080,12.3,24.6,155482,100,41,1,0,1,8.1,0,1,0
 Högsby,2017,6087,11.7,24.6,180317,100,38,1,0,1,8.1,0,1,0
 Höör,2015,15970,5.6,20.3,387823,33,44,1,0,1,56.7,1,0,1
 Höör,2016,16192,5.5,20.4,317291,80,50,1,0,1,56.7,1,0,1
 Höör,2014,15770,6.8,20.1,215458,100,36,1,0,1,56.7,1,0,1
 Höör,2017,16478,5.1,20.7,450787,100,48,1,0,1,56.7,1,0,1
 Hörby,2014,14927,7.2,21.8,231112,100,31,1,0,0,37.1,1,0,0
 Hörby,2015,15020,7.8,22,241295,100,28,1,0,0,37.1,1,0,0
 Hörby,2016,15283,7.9,22.2,233914,100,32,1,0,0,37.1,1,0,0
 Hörby,2017,15552,7.7,22.1,225931,100,34,1,0,0,37.1,1,0,0
 Huddinge,2014,104185,7.5,13.2,153401,25,36,1,0,1,839.5,0,0,1
 Huddinge,2017,110003,7.9,13.2,153756,38,27,1,0,1,839.5,0,0,1
 Huddinge,2015,105311,7.8,13.3,162907,50,35,1,0,1,839.5,0,0,1
 Huddinge,2016,107538,8.1,13.3,163939,80,31,1,0,1,839.5,0,0,1
 Hudiksvall,2015,36975,7.7,24.6,195009,92,21,1,1,0,15,0,1,1
 Hudiksvall,2016,37299,7.8,24.8,199305,92,26,1,1,0,15,0,1,1
 Hudiksvall,2014,36924,7.8,24.1,191270,100,18,1,1,0,15,0,1,1
 Hudiksvall,2017,37401,6.8,25,243957,100,27,1,1,0,15,0,1,1
 Hultsfred,2014,13738,13.9,26.2,164439,100,34,1,0,1,13,0,1,0
 Hultsfred,2015,13919,13.7,26.3,159333,100,32,1,0,1,13,0,1,0
 Hultsfred,2016,14607,13.9,25.2,160852,100,33,1,0,1,13,0,1,0
 Hultsfred,2017,14579,13.5,25.4,174582,100,35,1,0,1,13,0,1,0
 Hylte,2014,10278,6.9,21.9,261849,100,37,1,0,0,11.6,1,0,0
 Hylte,2015,10514,6.7,21.7,264082,100,37,1,0,0,11.6,1,0,0
 Hylte,2016,10954,6.7,21,228502,100,35,1,0,0,11.6,1,0,0
 Hylte,2017,10990,7.2,21.4,247283,100,39,1,0,0,11.6,1,0,0
 Järfälla,2015,72429,10.7,17.4,159808,0,32,1,0,0,1421.4,0,0,1
 Järfälla,2014,70701,11.2,17.6,144553,15,30,1,0,0,1421.4,0,0,1
 Järfälla,2016,74412,10.8,17.2,151468,20,33,1,0,0,1421.4,0,0,1
 Järfälla,2017,76453,10.6,16.9,175816,33,35,1,0,0,1421.4,0,0,1
 Jokkmokk,2014,5086,10.9,26.9,196687,100,64,1,1,0,0.3,0,1,0
 Jokkmokk,2015,5072,10.8,26.8,191172,100,66,1,1,0,0.3,0,1,0
 Jokkmokk,2016,5105,10.5,26.4,195721,100,50,1,1,0,0.3,0,1,0
 Jokkmokk,2017,5081,9.6,27.1,255818,100,36,1,1,0,0.3,0,1,0
 Jönköping,2017,137481,8.3,19,240251,75,30,1,0,1,92.9,1,0,1
 Jönköping,2015,133310,8.2,19.1,206464,76,28,1,0,1,92.9,1,0,1
 Jönköping,2016,135297,8.1,19.1,221374,81,29,1,0,1,92.9,1,0,1
 Jönköping,2014,132140,8.1,19,204138,86,28,1,0,1,92.9,1,0,1
 Kalix,2014,16307,6.4,27.3,231621,83,40,1,1,0,9,0,1,0
 Kalix,2015,16248,6.7,27.8,231066,100,42,1,1,0,9,0,1,0
 Kalix,2016,16223,7.3,28.1,231409,100,41,1,1,0,9,0,1,0
 Kalix,2017,16169,7.3,28.2,254462,100,42,1,1,0,9,0,1,0
 Kalmar,2016,66571,11.8,19.8,189079,90,39,1,0,0,70.5,0,1,1
 Kalmar,2017,67451,12,19.8,205457,90,38,1,0,0,70.5,0,1,1
 Kalmar,2014,64676,12.2,19.6,205778,100,42,1,0,0,70.5,0,1,1
 Kalmar,2015,65704,12.1,19.7,200941,100,41,1,0,0,70.5,0,1,1
 Karlsborg,2014,6786,6.1,28.6,277746,100,29,1,0,0,17.1,0,1,0
 Karlsborg,2015,6764,5.5,29.1,284085,100,23,1,0,0,17.1,0,1,0
 Karlsborg,2016,6913,4.8,28.9,319495,100,24,1,0,0,17.1,0,1,0
 Karlsborg,2017,6954,5.4,29.7,304006,100,23,1,0,0,17.1,0,1,0
 Karlshamn,2014,31598,8,24.5,249462,100,30,1,0,0,65.9,0,1,0
 Karlshamn,2015,31846,9.1,24.6,226652,100,31,1,0,0,65.9,0,1,0
 Karlshamn,2016,32130,7.3,24.6,302990,100,30,1,0,0,65.9,0,1,0
 Karlshamn,2017,32200,6.8,24.6,331860,100,28,1,0,0,65.9,0,1,0
 Karlskoga,2014,30054,8,24.4,275708,100,34,1,0,0,65,0,1,0
 Karlskoga,2015,30283,9.4,24.3,235826,100,36,1,0,0,65,0,1,0
 Karlskoga,2016,30538,9.5,24,240335,100,40,1,0,0,65,0,1,0
 Karlskoga,2017,30413,9,24.4,254477,100,39,1,0,0,65,0,1,0
 Karlskrona,2016,66262,7.7,21.2,300003,67,39,1,0,0,64,0,1,1
 Karlskrona,2015,65380,8,21.2,278783,74,40,1,0,0,64,0,1,1
 Karlskrona,2014,64348,8.3,21.1,260007,75,43,1,0,0,64,0,1,1
 Karlskrona,2017,66666,7.5,21.5,315645,78,36,1,0,0,64,0,1,1
 Karlstad,2015,89245,7.6,20.1,250967,67,34,1,0,1,78,1,0,1
 Karlstad,2014,88350,7.7,20,240561,70,34,1,0,1,78,1,0,1
 Karlstad,2016,90198,7.3,20.1,239792,80,31,1,0,1,78,1,0,1
 Karlstad,2017,91120,7.3,20.3,238792,80,30,1,0,1,78,1,0,1
 Katrineholm,2015,33462,6.5,22.5,269529,53,33,1,0,0,33.5,0,1,1
 Katrineholm,2016,33722,5.8,22.6,291861,54,35,1,0,0,33.5,0,1,1
 Katrineholm,2017,34133,5.9,22.7,344345,54,36,1,0,0,33.5,0,1,1
 Katrineholm,2014,33268,5.7,22.4,251509,62,31,1,0,0,33.5,0,1,1
 Kävlinge,2015,30104,11.4,18.5,129104,0,31,1,0,1,203,0,0,1
 Kävlinge,2016,30532,11.3,18.7,148493,25,36,1,0,1,203,0,0,1
 Kävlinge,2017,30959,11,18.8,135173,50,39,1,0,1,203,0,0,1
 Kävlinge,2014,29808,10.7,18.4,130866,67,33,1,0,1,203,0,0,1
 Kil,2014,11885,5.4,22.6,276309,100,45,1,0,0,33.1,1,0,0
 Kil,2015,11802,5,23.3,327451,100,44,1,0,0,33.1,1,0,0
 Kil,2016,11800,4.8,23.8,428174,100,46,1,0,0,33.1,1,0,0
 Kil,2017,11910,5.7,23.9,340285,100,58,1,0,0,33.1,1,0,0
 Kinda,2014,9795,7.3,24.9,184753,100,35,1,0,0,8.7,1,0,0
 Kinda,2015,9795,12.2,25.5,99948,100,35,1,0,0,8.7,1,0,0
 Kinda,2016,9874,12,25.9,112876,100,39,1,0,0,8.7,1,0,0
 Kinda,2017,9882,8,26.3,181186,100,19,1,0,0,8.7,1,0,0
 Kiruna,2014,23241,9.5,20.4,320915,100,50,1,0,0,1.2,0,1,0
 Kiruna,2015,23178,9.3,20.6,310567,100,49,1,0,0,1.2,0,1,0
 Kiruna,2016,23167,9.3,20.7,338306,100,42,1,0,0,1.2,0,1,0
 Kiruna,2017,23116,9.4,20.6,313027,100,41,1,0,0,1.2,0,1,0
 Klippan,2014,16733,7.5,22.4,308091,100,23,1,0,0,46.7,1,0,0
 Klippan,2015,16917,7.7,22.6,279255,100,25,1,0,0,46.7,1,0,0
 Klippan,2016,17219,8.1,22.5,319009,100,35,1,0,0,46.7,1,0,0
 Klippan,2017,17462,7.8,22.4,329073,100,39,1,0,0,46.7,1,0,0
 Knivsta,2014,16105,8.5,13.6,149523,100,32,1,0,1,64,1,0,0
 Knivsta,2015,16869,8,13.6,206938,100,33,1,0,1,64,1,0,0
 Knivsta,2016,17323,6.35,13.6,326374,100,36,1,0,1,64,1,0,0
 Knivsta,2017,18064,4.7,13.5,445810,100,39,1,0,1,64,1,0,0
 Köping,2014,25376,12.5,23.2,123677,100,25,1,1,0,43.2,1,0,0
 Köping,2015,25557,12.5,23.4,123677,100,25,1,1,0,43.2,1,0,0
 Köping,2016,25950,12.8,23.4,128907,100,26,1,1,0,43.2,1,0,0
 Köping,2017,26116,11.2,23.6,149463,100,27,1,1,0,43.2,1,0,0
 Kramfors,2014,18435,6.6,28.3,361080,100,47,1,1,0,11,0,1,0
 Kramfors,2015,18359,6.3,28.7,458184,100,45,1,1,0,11,0,1,0
 Kramfors,2016,18681,6.3,28.2,471690,100,44,1,1,0,11,0,1,0
 Kramfors,2017,18610,6.5,28.4,493055,100,46,1,1,0,11,0,1,0
 Kristianstad,2017,84151,7.3,21.4,314721,79,25,1,0,0,67.6,0,1,1
 Kristianstad,2014,81826,7.6,21.1,270652,81,25,1,0,0,67.6,0,1,1
 Kristianstad,2015,82510,7.7,21.3,282941,84,24,1,0,0,67.6,0,1,1
 Kristianstad,2016,83191,7.5,21.4,314752,91,24,1,0,0,67.6,0,1,1
 Kristinehamn,2014,24114,12,25.2,184674,89,31,1,1,0,32.6,1,0,0
 Kristinehamn,2015,24270,12.4,25.4,177066,100,30,1,1,0,32.6,1,0,0
 Kristinehamn,2016,24671,12.1,25.5,204886,100,32,1,1,0,32.6,1,0,0
 Kristinehamn,2017,24650,11.8,25.8,206450,100,1,1,1,0,32.6,1,0,0
 Krokom,2017,14925,10.1,21.1,245623,0,24,1,0,1,2.4,1,0,1
 Krokom,2014,14648,10.1,20.6,207362,17,27,1,0,1,2.4,1,0,1
 Krokom,2015,14785,9.8,20.8,210860,17,26,1,0,1,2.4,1,0,1
 Krokom,2016,14843,10.6,20.9,228719,50,25,1,0,1,2.4,1,0,1
 Kumla,2014,21016,8.8,19.2,221755,100,35,1,0,0,105.3,1,0,0
 Kumla,2015,21154,8.4,19.3,239897,100,30,1,0,0,105.3,1,0,0
 Kumla,2016,21334,7,19.5,285330,100,33,1,0,0,105.3,1,0,0
 Kumla,2017,21506,6.1,19.6,368099,100,35,1,0,0,105.3,1,0,0
 Kungälv,2014,42334,6.5,20.4,264695,78,43,1,0,0,121.7,0,0,1
 Kungälv,2015,42730,6.6,20.6,307981,83,46,1,0,0,121.7,0,0,1
 Kungälv,2016,43289,6.7,20.5,315393,100,44,1,0,0,121.7,0,0,1
 Kungälv,2017,44110,6.6,20.3,325955,100,43,1,0,0,121.7,0,0,1
 Kungsbacka,2017,81986,7.1,19.5,309023,67,34,1,0,1,135.2,0,0,1
 Kungsbacka,2014,78219,6.8,19.1,287541,75,37,1,0,1,135.2,0,0,1
 Kungsbacka,2015,79144,6.9,19.4,304985,82,38,1,0,1,135.2,0,0,1
 Kungsbacka,2016,80442,7.2,19.5,293023,83,36,1,0,1,135.2,0,0,1
 Kungsör,2014,8269,4.6,23.9,167406,100,25,1,0,0,42.5,0,1,0
 Kungsör,2015,8343,4.5,24.2,203659,100,24,1,0,0,42.5,0,1,0
 Kungsör,2016,8432,4.8,24,215474,100,24,1,0,0,42.5,0,1,0
 Kungsör,2017,8603,6.1,23.9,189247,100,28,1,0,0,42.5,0,1,0
 Laholm,2014,23781,10.2,24.1,149261,67,45,1,0,1,28.5,1,0,1
 Laholm,2017,25147,9.6,24.5,185368,93,39,1,0,1,28.5,1,0,1
 Laholm,2015,24195,10,24.3,162906,100,41,1,0,1,28.5,1,0,1
 Laholm,2016,24664,9.8,24.4,168392,100,38,1,0,1,28.5,1,0,1
 Laxå,2014,5664,8.2,28.1,306020,100,36,1,0,1,9.4,1,0,0
 Laxå,2015,5656,7.8,28.2,311515,100,28,1,0,1,9.4,1,0,0
 Laxå,2016,5709,7.4,28,326093,100,27,1,0,1,9.4,1,0,0
 Laxå,2017,5643,7.2,28.5,374483,100,30,1,0,1,9.4,1,0,0
 Lekeberg,2014,7363,6.5,21.6,346037,100,28,1,0,1,17,1,0,0
 Lekeberg,2015,7492,7.4,21.4,301600,100,31,1,0,1,17,1,0,0
 Lekeberg,2016,7636,6.6,21.6,292625,100,29,1,0,1,17,1,0,0
 Lekeberg,2017,7868,6.3,21.3,308457,100,29,1,0,1,17,1,0,0
 Leksand,2016,15507,6.6,27.5,268915,50,31,1,0,1,12.8,0,1,1
 Leksand,2017,15640,6.6,27.8,238071,50,34,1,0,1,12.8,0,1,1
 Leksand,2015,15326,6.9,27.5,259523,86,32,1,0,1,12.8,0,1,1
 Leksand,2014,15252,6.9,27.1,224149,100,28,1,0,1,12.8,0,1,1
 Lerum,2015,40181,5.6,17.9,338094,80,42,1,0,0,160.6,0,0,0
 Lerum,2014,39771,6,17.8,323618,100,38,1,0,0,160.6,0,0,0
 Lerum,2016,40692,6.1,17.9,321590,100,42,1,0,0,160.6,0,0,0
 Lerum,2017,41510,6.6,17.9,292915,100,42,1,0,0,160.6,0,0,0
 Lessebo,2014,8256,6.5,23.5,381487,100,35,1,1,0,21.3,1,0,0
 Lessebo,2015,8516,6.5,22.8,420726,100,33,1,1,0,21.3,1,0,0
 Lessebo,2016,8760,6.3,22.7,320011,100,36,1,1,0,21.3,1,0,0
 Lessebo,2017,8806,5.6,22.7,359964,100,38,1,1,0,21.3,1,0,0
 Lidingö,2016,46853,8.9,20.1,189164,40,40,1,0,1,1532.2,0,0,1
 Lidingö,2014,45465,8.7,20.3,184976,42,42,1,0,1,1532.2,0,0,1
 Lidingö,2017,47185,8.9,20.3,191016,44,40,1,0,1,1532.2,0,0,1
 Lidingö,2015,46302,8.8,20.2,185923,45,41,1,0,1,1532.2,0,0,1
 Lidköping,2014,38761,7.7,22,197753,100,36,1,1,0,56.5,0,1,0
 Lidköping,2015,39009,7.2,22.2,224473,100,40,1,1,0,56.5,0,1,0
 Lidköping,2016,39235,7.5,22.5,224758,100,38,1,1,0,56.5,0,1,0
 Lidköping,2017,39506,7.9,22.6,231084,100,36,1,1,0,56.5,0,1,0
 Lilla Edet,2014,13031,7.8,19.9,231314,100,30,1,0,0,44.2,0,0,0
 Lilla Edet,2015,13178,8.5,19.9,202482,100,30,1,0,0,44.2,0,0,0
 Lilla Edet,2016,13728,9.7,19.5,181382,100,29,1,0,0,44.2,0,0,0
 Lilla Edet,2017,13961,10,19.5,186508,100,33,1,0,0,44.2,0,0,0
 Lindesberg,2014,23269,7.2,23.6,231394,100,27,1,0,0,17.1,1,0,0
 Lindesberg,2015,23562,7.2,23.9,258646,100,30,1,0,0,17.1,1,0,0
 Lindesberg,2016,23744,7.3,24,267518,100,30,1,0,0,17.1,1,0,0
 Lindesberg,2017,23613,6.9,24.3,296331,100,33,1,0,0,17.1,1,0,0
 Linköping,2014,151881,10.7,17.3,118287,8,33,1,0,0,111,1,0,1
 Linköping,2015,152966,10.8,17.5,127963,33,34,1,0,0,111,1,0,1
 Linköping,2017,158520,10.7,17.4,136210,60,35,1,0,0,111,1,0,1
 Linköping,2016,155817,10.7,17.4,142183,69,35,1,0,0,111,1,0,1
 Ljungby,2015,27638,8.3,23,329992,82,40,1,0,1,16.2,0,1,1
 Ljungby,2014,27522,8,22.9,334272,83,36,1,0,1,16.2,0,1,1
 Ljungby,2016,28008,8.6,23.1,324863,85,43,1,0,1,16.2,0,1,1
 Ljungby,2017,28297,8.4,23.2,353783,93,42,1,0,1,16.2,0,1,1
 Ljusdal,2016,19067,7.7,26.4,233573,80,31,1,0,0,3.6,0,1,1
 Ljusdal,2017,19028,7.9,26.6,220833,80,27,1,0,0,3.6,0,1,1
 Ljusdal,2014,18949,7.4,25.9,199162,100,29,1,0,0,3.6,0,1,1
 Ljusdal,2015,19027,7.5,26.2,235883,100,31,1,0,0,3.6,0,1,1
 Ljusnarsberg,2014,4913,4.4,27.9,371964,100,22,1,1,0,8.6,0,1,0
 Ljusnarsberg,2015,4928,4.4,27.8,257089,100,19,1,1,0,8.6,0,1,0
 Ljusnarsberg,2016,5006,4,27.6,353135,100,21,1,1,0,8.6,0,1,0
 Ljusnarsberg,2017,4942,3.9,28.7,349991,100,20,1,1,0,8.6,0,1,0
 Ludvika,2014,26030,13.8,24.7,140279,100,31,1,1,0,18.1,0,1,0
 Ludvika,2015,26362,14.3,24.5,131222,100,31,1,1,0,18.1,0,1,0
 Ludvika,2016,26933,12.5,24,139212,100,30,1,1,0,18.1,0,1,0
 Ludvika,2017,26992,12.5,24.2,144733,100,32,1,1,0,18.1,0,1,0
 Luleå,2014,75966,7.6,19.4,229266,100,32,1,1,0,37.1,1,0,0
 Luleå,2015,76088,7.8,19.9,233534,100,32,1,1,0,37.1,1,0,0
 Luleå,2016,76770,8.4,20.1,252452,100,35,1,1,0,37.1,1,0,0
 Luleå,2017,77470,8.2,20.2,274140,100,34,1,1,0,37.1,1,0,0
 Lund,2014,115968,6.8,15.8,319148,72,55,1,1,0,284,1,0,1
 Lund,2016,118542,6.7,16.4,334556,74,57,1,1,0,284,1,0,1
 Lund,2015,116834,6.8,16.1,319308,81,56,1,1,0,284,1,0,1
 Lund,2017,121274,6.7,16.5,351604,83,62,1,1,0,284,1,0,1
 Lycksele,2014,12208,9.1,24.4,203413,100,36,1,1,0,2.2,0,1,0
 Lycksele,2015,12177,9.1,24.7,203413,100,36,1,1,0,2.2,0,1,0
 Lycksele,2016,12187,9.4,24.8,218921,100,42,1,1,0,2.2,0,1,0
 Lycksele,2017,12257,8.9,24.7,255254,100,49,1,1,0,2.2,0,1,0
 Lysekil,2014,14299,6.9,27.9,367754,100,38,1,0,0,70.1,1,0,0
 Lysekil,2015,14464,6.3,28.1,394837,100,41,1,0,0,70.1,1,0,0
 Lysekil,2016,14570,6.1,28.2,385867,100,42,1,0,0,70.1,1,0,0
 Lysekil,2017,14621,6,28.6,403274,100,44,1,0,0,70.1,1,0,0
 Malå,2014,3115,8.5,25.7,166598,100,48,1,1,0,2,0,1,0
 Malå,2015,3109,8.9,25.9,167332,100,46,1,1,0,2,0,1,0
 Malå,2016,3100,11.8,26.8,88339,100,82,1,1,0,2,0,1,0
 Malå,2017,3133,8.7,27.2,164176,100,38,1,1,0,2,0,1,0
 Malmö,2014,318107,11.3,15.4,183704,100,33,1,1,0,2130.4,0,0,0
 Malmö,2015,322574,10.3,15.4,226969,100,44,1,1,0,2130.4,0,0,0
 Malmö,2016,328494,10.5,15.3,222256,100,46,1,1,0,2130.4,0,0,0
 Malmö,2017,333633,10.1,15.2,209742,100,46,1,1,0,2130.4,0,0,0
 Malung-Sälen,2014,9969,8.4,25.6,183277,60,14,1,0,0,2.5,0,1,1
 Malung-Sälen,2016,10091,7.7,25.8,247799,83,18,1,0,0,2.5,0,1,1
 Malung-Sälen,2017,10114,7.9,25.8,278263,83,18,1,0,0,2.5,0,1,1
 Malung-Sälen,2015,10036,7.9,25.9,194018,86,16,1,0,0,2.5,0,1,1
 Mariestad,2014,23921,7.4,25.6,340884,100,32,1,0,1,40.3,0,1,0
 Mariestad,2015,24043,7.5,25.7,360227,100,35,1,0,1,40.3,0,1,0
 Mariestad,2016,24215,7.8,25.8,341952,100,37,1,0,1,40.3,0,1,0
 Mariestad,2017,24290,7.5,25.8,363427,100,40,1,0,1,40.3,0,1,0
 Mark,2016,34218,7.1,22.4,334410,91,23,1,0,1,37.1,1,0,0
 Mark,2014,33887,9.5,21.9,218656,100,23,1,0,1,37.1,1,0,0
 Mark,2015,33906,8.7,22.3,266112,100,24,1,0,1,37.1,1,0,0
 Mark,2017,34484,7.1,22.4,359847,100,23,1,0,1,37.1,1,0,0
 Markaryd,2014,9549,7.1,25.9,216455,100,20,1,0,1,19.7,0,1,0
 Markaryd,2015,9779,7.8,25.7,198464,100,19,1,0,1,19.7,0,1,0
 Markaryd,2016,9991,7.8,25.3,232912,100,20,1,0,1,19.7,0,1,0
 Markaryd,2017,10170,8,25.1,232208,100,22,1,0,1,19.7,0,1,0
 Mellerud,2014,8936,9.5,27.6,234627,100,39,1,0,0,18.3,0,1,0
 Mellerud,2015,9169,10.5,27.1,184293,100,37,1,0,0,18.3,0,1,0
 Mellerud,2016,9323,11.6,26.7,190533,100,39,1,0,0,18.3,0,1,0
 Mellerud,2017,9377,11.8,27.3,185312,100,42,1,0,0,18.3,0,1,0
 Mjölby,2016,26708,8.1,21.8,187284,50,29,1,0,0,49.4,1,0,1
 Mjölby,2017,27019,8,21.6,190606,50,28,1,0,0,49.4,1,0,1
 Mjölby,2015,26602,8,21.9,166987,75,28,1,0,0,49.4,1,0,1
 Mjölby,2014,26428,8.3,21.7,154694,100,27,1,0,0,49.4,1,0,1
 Mölndal,2014,62927,8,16.1,245586,14,43,1,0,0,453.4,0,0,1
 Mölndal,2017,66121,7.1,15.9,272847,50,38,1,0,0,453.4,0,0,1
 Mölndal,2015,63340,7.8,16.2,232068,67,37,1,0,0,453.4,0,0,1
 Mölndal,2016,64465,7.2,16.1,252616,67,36,1,0,0,453.4,0,0,1
 Mönsterås,2014,13057,6.8,24.9,285303,83,34,1,0,1,22.5,0,1,1
 Mönsterås,2015,13144,7.4,25,275708,83,32,1,0,1,22.5,0,1,1
 Mönsterås,2016,13395,7.2,25,304244,83,28,1,0,1,22.5,0,1,1
 Mönsterås,2017,13498,7.3,25,313132,83,31,1,0,1,22.5,0,1,1
 Mora,2014,20006,7.1,25.2,354513,100,36,1,0,1,7.2,0,1,0
 Mora,2015,20101,7.3,25.6,279942,100,37,1,0,1,7.2,0,1,0
 Mora,2016,20279,7.4,25.9,290160,100,38,1,0,1,7.2,0,1,0
 Mora,2017,20369,6.9,26.4,320839,100,37,1,0,1,7.2,0,1,0
 Mörbylånga,2014,14498,7.2,25.3,223294,100,40,1,0,1,22.5,0,1,0
 Mörbylånga,2015,14669,7.7,25.9,221220,100,40,1,0,1,22.5,0,1,0
 Mörbylånga,2016,14916,10.1,26.1,162836,100,40,1,0,1,22.5,0,1,0
 Mörbylånga,2017,15000,10.8,26.2,175332,100,42,1,0,1,22.5,0,1,0
 Motala,2017,43549,10.7,22.7,138387,50,30,1,1,0,44.3,1,0,1
 Motala,2016,43258,10.7,22.5,115080,67,27,1,1,0,44.3,1,0,1
 Motala,2015,42903,10.6,22.3,111318,82,25,1,1,0,44.3,1,0,1
 Motala,2014,42556,10.6,22,105959,84,26,1,1,0,44.3,1,0,1
 Mullsjö,2015,7157,8.2,23,171324,50,23,1,1,0,36.6,1,0,1
 Mullsjö,2016,7226,8.1,23.2,163237,50,25,1,1,0,36.6,1,0,1
 Mullsjö,2017,7328,8.2,23.3,175500,50,28,1,1,0,36.6,1,0,1
 Mullsjö,2014,7109,8.4,22.7,197517,100,29,1,1,0,36.6,1,0,1
 Munkedal,2014,10243,6.9,24.7,313933,100,38,1,0,0,16.4,0,1,0
 Munkedal,2015,10205,6.7,24.7,379635,100,42,1,0,0,16.4,0,1,0
 Munkedal,2016,10361,6.9,24.4,369901,100,41,1,0,0,16.4,0,1,0
 Munkedal,2017,10423,7.2,24.4,343005,100,63,1,0,0,16.4,0,1,0
 Nacka,2014,96217,10.7,15.7,153858,0,36,1,0,1,1064.3,0,0,1
 Nacka,2015,97986,11,15.8,146095,0,36,1,0,1,1064.3,0,0,1
 Nacka,2016,99359,10.7,16,147598,0,35,1,0,1,1064.3,0,0,1
 Nacka,2017,101231,10.5,16,147088,0,33,1,0,1,1064.3,0,0,1
 Nässjö,2014,29907,10.1,21.7,198933,100,26,1,0,0,33.5,1,0,0
 Nässjö,2015,30451,10,21.4,203206,100,25,1,0,0,33.5,1,0,0
 Nässjö,2016,30820,9.5,21.3,220557,100,27,1,0,0,33.5,1,0,0
 Nässjö,2017,31178,9,21.1,238764,100,27,1,0,0,33.5,1,0,0
 Nora,2014,10352,8.2,26,212325,100,28,1,1,0,17.4,1,0,0
 Nora,2015,10502,7.1,26.1,237058,100,30,1,1,0,17.4,1,0,0
 Nora,2016,10665,7.7,26,216870,100,33,1,1,0,17.4,1,0,0
 Nora,2017,10747,8.4,26.2,218359,100,32,1,1,0,17.4,1,0,0
 Norberg,2014,5719,6.7,25.6,166387,100,25,1,1,0,13.9,0,1,0
 Norberg,2015,5803,10.1,25.4,131790,100,23,1,1,0,13.9,0,1,0
 Norberg,2016,5795,10.6,25.8,101748,100,22,1,1,0,13.9,0,1,0
 Norberg,2017,5796,10.5,26.5,95216,100,20,1,1,0,13.9,0,1,0
 Nordanstig,2014,9493,8.8,25.7,205397,33,34,1,0,0,6.9,0,1,1
 Nordanstig,2015,9490,9.3,26.1,203816,33,35,1,0,0,6.9,0,1,1
 Nordanstig,2016,9511,9.6,26.1,213955,33,33,1,0,0,6.9,0,1,1
 Nordanstig,2017,9481,9.3,26.6,298685,33,33,1,0,0,6.9,0,1,1
 Nordmaling,2016,7132,8.6,27,188755,80,27,1,0,1,5.8,1,0,0
 Nordmaling,2014,7085,8.8,26.6,152727,100,28,1,0,1,5.8,1,0,0
 Nordmaling,2015,7060,9.1,26.8,176649,100,28,1,0,1,5.8,1,0,0
 Nordmaling,2017,7103,8.4,27.1,238481,100,31,1,0,1,5.8,1,0,0
 Norrköping,2014,135283,7.8,18.9,219883,100,42,1,0,0,94.2,1,0,0
 Norrköping,2015,137035,7.8,19,239965,100,40,1,0,0,94.2,1,0,0
 Norrköping,2016,139363,7.7,18.9,243221,100,37,1,0,0,94.2,1,0,0
 Norrköping,2017,140927,7.6,18.9,246813,100,29,1,0,0,94.2,1,0,0
 Norrtälje,2014,57568,4.9,26,233266,14,25,1,0,0,30.2,0,1,1
 Norrtälje,2016,59420,6.5,26.4,166188,17,25,1,0,0,30.2,0,1,1
 Norrtälje,2015,58669,5.5,26.3,219033,18,26,1,0,0,30.2,0,1,1
 Norrtälje,2017,60808,6.8,26.5,155448,25,27,1,0,0,30.2,0,1,1
 Norsjö,2014,4180,7.1,25.6,307424,100,46,1,1,0,2.3,0,1,0
 Norsjö,2015,4176,7.1,26.1,324117,100,52,1,1,0,2.3,0,1,0
 Norsjö,2016,4125,6.6,26.8,304128,100,47,1,1,0,2.3,0,1,0
 Norsjö,2017,4086,6.3,27.3,319607,100,41,1,1,0,2.3,0,1,0
 Nybro,2014,19714,10.5,24.9,215325,100,46,1,0,1,17.4,0,1,0
 Nybro,2015,19754,11.3,25,192961,100,49,1,0,1,17.4,0,1,0
 Nybro,2016,20311,10.4,24.4,230997,100,46,1,0,1,17.4,0,1,0
 Nybro,2017,20406,11.6,24.5,245936,100,45,1,0,1,17.4,0,1,0
 Nyköping,2017,55467,7.1,23.6,246280,36,42,1,1,0,39,0,1,1
 Nyköping,2015,54262,8.1,23.6,192742,41,41,1,1,0,39,0,1,1
 Nyköping,2016,54924,7.9,23.7,200132,50,41,1,1,0,39,0,1,1
 Nyköping,2014,53508,8.6,23.4,181009,62,41,1,1,0,39,0,1,1
 Nykvarn,2016,10424,5.4,16.5,197093,50,39,1,0,1,69.8,1,0,0
 Nykvarn,2014,9815,4.5,16.6,173609,100,32,1,0,1,69.8,1,0,0
 Nykvarn,2015,10192,4.9,16.4,74349,100,42,1,0,1,69.8,1,0,0
 Nykvarn,2017,10660,4.5,16.7,202537,100,34,1,0,1,69.8,1,0,0
 Nynäshamn,2015,27500,6.7,21.8,202168,20,37,1,0,0,78.4,0,0,1
 Nynäshamn,2016,27752,6.6,22,238595,20,41,1,0,0,78.4,0,0,1
 Nynäshamn,2014,27041,5.4,21.6,233196,33,37,1,0,0,78.4,0,0,1
 Nynäshamn,2017,28109,6.4,21.8,243430,33,39,1,0,0,78.4,0,0,1
 Ockelbo,2014,5765,8.6,25.8,259953,100,31,1,0,0,5.5,1,0,0
 Ockelbo,2015,5849,7,26,258741,100,32,1,0,0,5.5,1,0,0
 Ockelbo,2016,5856,6.7,26.7,247466,100,31,1,0,0,5.5,1,0,0
 Ockelbo,2017,5896,6.5,26.9,263353,100,26,1,0,0,5.5,1,0,0
 Öckerö,2014,12645,4.9,23.1,326284,100,41,1,0,1,501.9,0,0,0
 Öckerö,2015,12682,5.3,23.5,293616,100,41,1,0,1,501.9,0,0,0
 Öckerö,2016,12773,5.4,23.7,295325,100,39,1,0,1,501.9,0,0,0
 Öckerö,2017,12923,5.1,24.2,375623,100,44,1,0,1,501.9,0,0,0
 Ödeshög,2014,5240,10.6,26.5,100522,100,19,1,0,0,12.3,0,1,0
 Ödeshög,2015,5236,9.7,27.2,112353,100,18,1,0,0,12.3,0,1,0
 Ödeshög,2016,5335,9.4,27.1,116593,100,19,1,0,0,12.3,0,1,0
 Ödeshög,2017,5343,9.8,27.2,95111,100,20,1,0,0,12.3,0,1,0
 Olofström,2014,13031,12.6,26.3,129565,100,9,1,1,0,34.6,0,1,0
 Olofström,2015,13170,11.4,26.1,164568,100,9,1,1,0,34.6,0,1,0
 Olofström,2016,13417,11.3,25.7,163897,100,3,1,1,0,34.6,0,1,0
 Olofström,2017,13482,10.4,25.7,177967,100,3,1,1,0,34.6,0,1,0
 Örebro,2017,150291,6.7,18,369175,53,48,1,0,0,109.5,1,0,1
 Örebro,2016,146631,7.7,18,298932,59,51,1,0,0,109.5,1,0,1
 Örebro,2015,144200,9.3,18.1,300532,70,49,1,0,0,109.5,1,0,1
 Örebro,2014,142618,8.7,17.8,288159,100,41,1,0,0,109.5,1,0,1
 Örkelljunga,2014,9733,7.3,24.2,294619,100,30,1,0,1,31.4,1,0,0
 Örkelljunga,2015,9831,7.9,24.4,219159,100,27,1,0,1,31.4,1,0,0
 Örkelljunga,2016,9958,7.5,24.4,298479,100,31,1,0,1,31.4,1,0,0
 Örkelljunga,2017,10047,8.5,24.3,285586,100,41,1,0,1,31.4,1,0,0
 Örnsköldsvik,2014,55248,7.8,23.7,266973,100,42,1,1,0,8.8,0,1,0
 Örnsköldsvik,2015,55576,8.3,23.8,264064,100,44,1,1,0,8.8,0,1,0
 Örnsköldsvik,2016,55964,8.3,24,269398,100,44,1,1,0,8.8,0,1,0
 Örnsköldsvik,2017,56139,8.2,24.1,279421,100,40,1,1,0,8.8,0,1,0
 Orsa,2014,6812,7.2,26,249922,50,38,1,0,1,4,0,1,1
 Orsa,2016,6861,6.3,26.4,263859,50,38,1,0,1,4,0,1,1
 Orsa,2015,6750,6.9,26.8,254585,100,34,1,0,1,4,0,1,1
 Orsa,2017,6887,6,26.5,272113,100,32,1,0,1,4,0,1,1
 Orust,2014,15054,7.2,27.5,293171,100,40,1,0,0,39.1,0,1,0
 Orust,2015,15010,6.6,28.1,326100,100,41,1,0,0,39.1,0,1,0
 Orust,2016,15093,6.3,28.4,370214,100,44,1,0,0,39.1,0,1,0
 Orust,2017,15108,5.9,28.9,366334,100,42,1,0,0,39.1,0,1,0
 Osby,2015,12954,6.8,24.8,221998,50,22,1,1,0,22.9,0,1,1
 Osby,2016,13149,6.9,24.7,242587,67,20,1,1,0,22.9,0,1,1
 Osby,2017,13182,7.1,24.9,283931,67,19,1,1,0,22.9,0,1,1
 Osby,2014,12828,6.3,24.5,207297,100,25,1,1,0,22.9,0,1,1
 Oskarshamn,2014,26301,8.1,23.7,243424,100,42,1,0,0,25.7,0,1,0
 Oskarshamn,2015,26450,7.8,23.8,264744,100,37,1,0,0,25.7,0,1,0
 Oskarshamn,2016,27006,7.6,23.6,276850,100,36,1,0,0,25.7,0,1,0
 Oskarshamn,2017,26928,7.6,24.1,288671,100,38,1,0,0,25.7,0,1,0
 Österåker,2017,44130,6.7,18.2,231941,17,41,1,0,1,141.3,0,0,1
 Österåker,2016,43293,6.4,18.2,246961,29,41,1,0,1,141.3,0,0,1
 Österåker,2015,42130,6.5,18.1,237726,38,42,1,0,1,141.3,0,0,1
 Österåker,2014,41180,6.4,18,228568,43,46,1,0,1,141.3,0,0,1
 Östersund,2015,61066,10.3,20.7,214783,63,37,1,1,0,28.3,1,0,1
 Östersund,2016,61745,9.9,20.9,255057,63,37,1,1,0,28.3,1,0,1
 Östersund,2014,60495,10.4,20.5,211089,65,43,1,1,0,28.3,1,0,1
 Östersund,2017,62601,10,21,254844,71,38,1,1,0,28.3,1,0,1
 Östhammar,2017,21927,8.7,26.4,215717,60,29,1,0,0,14.9,1,0,1
 Östhammar,2014,21374,7,25.3,233700,80,28,1,0,0,14.9,1,0,1
 Östhammar,2015,21563,7.1,25.7,232268,83,30,1,0,0,14.9,1,0,1
 Östhammar,2016,21822,7.4,25.9,243062,83,29,1,0,0,14.9,1,0,1
 Östra Göinge,2015,14102,6.6,22.7,280589,0,26,1,0,1,34.1,0,1,1
 Östra Göinge,2016,14406,6.4,22.3,286383,67,28,1,0,1,34.1,0,1,1
 Östra Göinge,2017,14715,6.7,22.2,338145,67,31,1,0,1,34.1,0,1,1
 Östra Göinge,2014,13864,6.2,22.9,293768,100,23,1,0,1,34.1,0,1,1
 Ovanåker,2014,11432,9.9,26.8,231358,100,41,1,0,0,6.2,0,1,0
 Ovanåker,2015,11469,9.9,26.8,229621,100,74,1,0,0,6.2,0,1,0
 Ovanåker,2016,11631,9.2,26.8,258252,100,69,1,0,0,6.2,0,1,0
 Ovanåker,2017,11609,9.3,27.1,261459,100,81,1,0,0,6.2,0,1,0
 Överkalix,2014,3409,8.4,32.4,156541,100,33,1,0,0,1.2,0,1,0
 Överkalix,2015,3395,8.8,32.5,164175,100,28,1,0,0,1.2,0,1,0
 Överkalix,2016,3378,10.2,32.9,144035,100,19,1,0,0,1.2,0,1,0
 Överkalix,2017,3367,10.2,33.1,149529,100,22,1,0,0,1.2,0,1,0
 Övertorneå,2014,4711,14.3,29.5,110050,100,26,1,0,1,1.9,0,1,0
 Övertorneå,2015,4603,15.3,30.6,98130,100,27,1,0,1,1.9,0,1,0
 Övertorneå,2016,4534,14.5,31.3,120632,100,28,1,0,1,1.9,0,1,0
 Övertorneå,2017,4461,11.8,32.3,137045,100,32,1,0,1,1.9,0,1,0
 Oxelösund,2014,11551,4.9,27.5,329910,100,35,1,1,0,338.9,0,1,0
 Oxelösund,2015,11701,5,27.6,351509,100,36,1,1,0,338.9,0,1,0
 Oxelösund,2016,11921,5.2,27.5,388094,100,37,1,1,0,338.9,0,1,0
 Oxelösund,2017,12008,5.1,27.6,422827,100,38,1,1,0,338.9,0,1,0
 Perstorp,2014,7174,9.2,21.3,174004,100,39,1,0,0,46.2,1,0,0
 Perstorp,2015,7211,9.6,21.6,178104,100,36,1,0,0,46.2,1,0,0
 Perstorp,2016,7338,7.9,21.6,302561,100,29,1,0,0,46.2,1,0,0
 Perstorp,2017,7335,9.4,21.7,271535,100,24,1,0,0,46.2,1,0,0
 Piteå,2014,41508,7.6,22.2,197579,100,32,1,1,0,13.7,0,1,0
 Piteå,2015,41548,7.6,22.6,226415,100,36,1,1,0,13.7,0,1,0
 Piteå,2016,41904,7.4,22.9,243219,100,33,1,1,0,13.7,0,1,0
 Piteå,2017,42184,7.2,23.1,259991,100,35,1,1,0,13.7,0,1,0
 Ragunda,2014,5440,10.8,28.9,282703,100,27,1,1,0,2.2,0,1,0
 Ragunda,2015,5387,10,29.3,294902,100,26,1,1,0,2.2,0,1,0
 Ragunda,2016,5415,9.6,28.4,335204,100,29,1,1,0,2.2,0,1,0
 Ragunda,2017,5444,8.2,28.4,392451,100,32,1,1,0,2.2,0,1,0
 Rättvik,2014,10748,11.1,31.4,157977,80,60,1,0,1,5.6,0,1,1
 Rättvik,2016,10856,11.7,32.1,165458,80,52,1,0,1,5.6,0,1,1
 Rättvik,2017,10837,11.8,32.7,178545,80,40,1,0,1,5.6,0,1,1
 Rättvik,2015,10759,11.1,32.2,161632,100,55,1,0,1,5.6,0,1,1
 Robertsfors,2014,6724,8.9,24.7,221047,75,30,1,1,0,5.2,1,0,1
 Robertsfors,2015,6771,12.4,24.7,160121,75,21,1,1,0,5.2,1,0,1
 Robertsfors,2016,6784,12,25,166408,100,19,1,1,0,5.2,1,0,1
 Robertsfors,2017,6784,12.7,25.2,165127,100,18,1,1,0,5.2,1,0,1
 Ronneby,2014,28221,8.3,24.9,227229,100,39,1,0,1,35.8,0,1,0
 Ronneby,2015,28697,8.3,24.7,238559,100,38,1,0,1,35.8,0,1,0
 Ronneby,2016,29207,8,24.4,268932,100,33,1,0,1,35.8,0,1,0
 Ronneby,2017,29568,8,24.4,274028,100,35,1,0,1,35.8,0,1,0
 Säffle,2017,15727,5.9,26.6,387377,89,31,1,0,1,12.9,1,0,1
 Säffle,2014,15334,7.1,27.1,330633,90,32,1,0,1,12.9,1,0,1
 Säffle,2015,15366,6.4,26.9,384044,91,30,1,0,1,12.9,1,0,1
 Säffle,2016,15633,6.1,26.5,397437,91,32,1,0,1,12.9,1,0,1
 Sala,2017,22631,11,24.5,159871,82,38,1,0,1,19.4,1,0,0
 Sala,2014,21925,7.3,23.5,177068,100,36,1,0,1,19.4,1,0,0
 Sala,2015,22109,8.9,24,153960,100,31,1,0,1,19.4,1,0,0
 Sala,2016,22353,11,24.2,147403,100,34,1,0,1,19.4,1,0,0
 Salem,2014,16140,5.8,17.2,145861,50,33,1,0,1,308,0,0,0
 Salem,2015,16426,6.1,17.2,144914,100,32,1,0,1,308,0,0,0
 Salem,2016,16615,6.6,17.4,155974,100,34,1,0,1,308,0,0,0
 Salem,2017,16665,7.1,17.5,175515,100,35,1,0,1,308,0,0,0
 Sandviken,2014,37833,7.2,23.8,186020,100,28,1,0,0,33.7,1,0,0
 Sandviken,2015,38314,7.4,23.6,194156,100,29,1,0,0,33.7,1,0,0
 Sandviken,2016,38949,7.4,23.5,209835,100,30,1,0,0,33.7,1,0,0
 Sandviken,2017,39259,7.7,23.5,209328,100,30,1,0,0,33.7,1,0,0
 Säter,2014,10886,10.5,23.6,198602,100,32,1,0,0,19.6,1,0,0
 Säter,2015,11009,11,24,157025,100,30,1,0,0,19.6,1,0,0
 Säter,2016,11086,10.8,24.5,157316,100,30,1,0,0,19.6,1,0,0
 Säter,2017,11160,11.9,24.7,153727,100,34,1,0,0,19.6,1,0,0
 Sävsjö,2014,11100,6.1,23,216563,100,27,1,0,0,16.9,0,1,0
 Sävsjö,2015,11228,6.3,23.3,195630,100,23,1,0,0,16.9,0,1,0
 Sävsjö,2016,11396,6.2,23.4,222878,100,23,1,0,0,16.9,0,1,0
 Sävsjö,2017,11496,5.9,23.4,251102,100,22,1,0,0,16.9,0,1,0
 Sigtuna,2014,44085,6.4,14.9,164183,100,41,1,0,0,143.9,0,0,0
 Sigtuna,2015,44786,6.3,14.9,196536,100,45,1,0,0,143.9,0,0,0
 Sigtuna,2016,46274,6.5,14.7,205657,100,47,1,0,0,143.9,0,0,0
 Sigtuna,2017,47146,5.6,14.6,227596,100,45,1,0,0,143.9,0,0,0
 Simrishamn,2016,19485,6.5,32.3,251981,67,15,1,0,0,49.4,0,1,1
 Simrishamn,2015,19065,6.8,32.5,242754,80,15,1,0,0,49.4,0,1,1
 Simrishamn,2014,18905,7.2,31.8,232606,86,16,1,0,0,49.4,0,1,1
 Simrishamn,2017,19376,6,32.7,294138,100,15,1,0,0,49.4,0,1,1
 Sjöbo,2016,18742,4.7,23,345326,75,24,1,0,1,38.8,1,0,1
 Sjöbo,2014,18415,5.4,22.3,323603,86,25,1,0,1,38.8,1,0,1
 Sjöbo,2015,18514,4.9,22.7,345145,86,26,1,0,1,38.8,1,0,1
 Sjöbo,2017,19071,4.7,23,375895,86,25,1,0,1,38.8,1,0,1
 Skara,2014,18747,9.6,21.3,214958,50,26,1,0,0,44,0,1,0
 Skara,2015,18711,9.1,21.7,254783,100,26,1,0,0,44,0,1,0
 Skara,2016,18979,8.7,21.6,273377,100,29,1,0,0,44,0,1,0
 Skara,2017,18843,8.3,22,328532,100,31,1,0,0,44,0,1,0
 Skellefteå,2016,72266,8.7,23,284984,96,37,1,1,0,10.7,0,1,0
 Skellefteå,2014,72024,9.1,22.6,246753,100,40,1,1,0,10.7,0,1,0
 Skellefteå,2015,72031,8.9,22.8,272732,100,37,1,1,0,10.7,0,1,0
 Skellefteå,2017,72723,8.4,23.2,299488,100,37,1,1,0,10.7,0,1,0
 Skinnskatteberg,2014,4434,5.8,28.3,233846,100,11,1,0,1,6.7,0,1,0
 Skinnskatteberg,2015,4472,6,28.2,126759,100,10,1,0,1,6.7,0,1,0
 Skinnskatteberg,2016,4429,7.2,28.6,100492,100,11,1,0,1,6.7,0,1,0
 Skinnskatteberg,2017,4431,9.4,28.9,88872,100,8,1,0,1,6.7,0,1,0
 Skövde,2016,54133,6.8,19.4,269679,64,18,1,0,1,81.6,0,1,1
 Skövde,2014,53134,6.7,19,323471,67,18,1,0,1,81.6,0,1,1
 Skövde,2015,53555,6.6,19.2,288024,70,18,1,0,1,81.6,0,1,1
 Skövde,2017,54975,7.1,19.4,268964,73,18,1,0,1,81.6,0,1,1
 Skurup,2014,15167,7.4,20,260473,75,25,1,1,0,80.8,0,0,0
 Skurup,2015,15149,7.4,20.2,276865,100,26,1,1,0,80.8,0,0,0
 Skurup,2016,15408,7.6,20.3,283323,100,24,1,1,0,80.8,0,0,0
 Skurup,2017,15642,8.1,20.4,263305,100,24,1,1,0,80.8,0,0,0
 Smedjebacken,2014,10712,7.3,26.4,228208,100,12,1,1,0,11.5,0,1,0
 Smedjebacken,2015,10790,7.1,27,232053,100,20,1,1,0,11.5,0,1,0
 Smedjebacken,2016,10909,7.5,26.9,213976,100,19,1,1,0,11.5,0,1,0
 Smedjebacken,2017,10894,6.8,27.6,214399,100,20,1,1,0,11.5,0,1,0
 Söderhamn,2014,25456,7.3,26.4,239186,100,26,1,1,0,24.3,0,1,0
 Söderhamn,2015,25785,7.1,26.4,245733,100,28,1,1,0,24.3,0,1,0
 Söderhamn,2016,25992,7.4,26.5,268876,100,28,1,1,0,24.3,0,1,0
 Söderhamn,2017,25782,7.3,26.8,314130,100,32,1,1,0,24.3,0,1,0
 Söderköping,2016,14402,5.2,24.1,323697,33,37,1,0,0,21.5,1,0,1
 Söderköping,2017,14521,5.6,24.1,351187,33,40,1,0,0,21.5,1,0,1
 Söderköping,2014,14268,4.9,23.1,317804,100,44,1,0,0,21.5,1,0,1
 Söderköping,2015,14240,4.9,23.8,356981,100,34,1,0,0,21.5,1,0,1
 Södertälje,2014,92235,6.8,16,267127,28,48,1,1,0,183,1,0,1
 Södertälje,2015,93202,7.4,16.2,234453,50,48,1,1,0,183,1,0,1
 Södertälje,2016,94631,6.8,16.1,238492,62,43,1,1,0,183,1,0,1
 Södertälje,2017,96032,7.3,16,225588,67,38,1,1,0,183,1,0,1
 Sollefteå,2014,19776,9.9,26.8,266386,100,33,1,1,0,3.7,0,1,0
 Sollefteå,2015,19783,9.4,27,284854,100,34,1,1,0,3.7,0,1,0
 Sollefteå,2016,19846,8.9,27.1,307117,100,34,1,1,0,3.7,0,1,0
 Sollefteå,2017,19709,8.5,27.4,335175,100,36,1,1,0,3.7,0,1,0
 Sollentuna,2015,70251,11.7,15.7,125636,0,34,1,0,1,1365.4,0,0,1
 Sollentuna,2016,71023,11.5,15.7,143171,0,33,1,0,1,1365.4,0,0,1
 Sollentuna,2017,71848,11.3,15.7,130426,0,32,1,0,1,1365.4,0,0,1
 Sollentuna,2014,69325,11.7,15.5,132263,8,32,1,0,1,1365.4,0,0,1
 Solna,2014,74041,7.4,15.9,199533,7,43,1,0,1,4132.2,0,0,1
 Solna,2015,76158,7.5,15.7,202768,8,44,1,0,1,4132.2,0,0,1
 Solna,2017,79707,7.3,15.5,224298,17,43,1,0,1,4132.2,0,0,1
 Solna,2016,78129,7.5,15.6,222383,23,43,1,0,1,4132.2,0,0,1
 Sölvesborg,2014,16959,8,25,227078,100,29,1,1,0,94.2,0,1,0
 Sölvesborg,2015,17160,7.3,25.2,236327,100,30,1,1,0,94.2,0,1,0
 Sölvesborg,2016,17437,7.8,25.1,246147,100,32,1,1,0,94.2,0,1,0
 Sölvesborg,2017,17455,7.7,25.3,284183,100,33,1,1,0,94.2,0,1,0
 Sotenäs,2014,8931,11.1,30.5,199606,50,34,1,0,1,65.7,0,1,1
 Sotenäs,2016,9065,8.1,31.7,296094,50,43,1,0,1,65.7,0,1,1
 Sotenäs,2017,9073,7.8,32.2,283808,50,37,1,0,1,65.7,0,1,1
 Sotenäs,2015,9006,8.2,31.4,273365,67,40,1,0,1,65.7,0,1,1
 Staffanstorp,2014,22994,6.1,18.9,207321,0,31,1,0,1,226.3,0,0,1
 Staffanstorp,2017,24167,6.1,18.9,285610,0,35,1,0,1,226.3,0,0,1
 Staffanstorp,2015,23119,6,19.1,221652,17,32,1,0,1,226.3,0,0,1
 Staffanstorp,2016,23600,6.1,19.1,259542,20,34,1,0,1,226.3,0,0,1
 Stenungsund,2017,26224,5.5,19.4,367556,25,43,1,1,0,104.1,0,0,1
 Stenungsund,2016,25815,5.7,19.3,350800,63,42,1,1,0,104.1,0,0,1
 Stenungsund,2015,25508,5.4,19.3,352202,71,40,1,1,0,104.1,0,0,1
 Stenungsund,2014,25275,4.7,19,381232,83,45,1,1,0,104.1,0,0,1
 Stockholm,2014,911989,10.8,14.4,216590,16,39,1,1,0,5074.7,0,0,1
 Stockholm,2015,923516,10.6,14.5,223705,18,39,1,1,0,5074.7,0,0,1
 Stockholm,2016,935619,10.4,14.6,233135,22,38,1,1,0,5074.7,0,0,1
 Stockholm,2017,949761,10.1,14.7,226116,22,38,1,1,0,5074.7,0,0,1
 Storfors,2014,4106,10.5,25.9,258490,100,40,1,1,0,10.5,0,1,0
 Storfors,2015,4032,10.3,26.5,262502,100,36,1,1,0,10.5,0,1,0
 Storfors,2016,4046,9.5,26.9,288609,100,30,1,1,0,10.5,0,1,0
 Storfors,2017,4123,10.2,26.6,264772,100,30,1,1,0,10.5,0,1,0
 Storuman,2014,5955,8.2,28.1,177900,100,27,1,0,1,0.8,0,1,0
 Storuman,2015,5943,8.4,28.5,181999,100,35,1,0,1,0.8,0,1,0
 Storuman,2016,5899,8.7,28.3,183003,100,40,1,0,1,0.8,0,1,0
 Storuman,2017,5902,9.8,28.4,162810,100,22,1,0,1,0.8,0,1,0
 Strängnäs,2014,33878,6,21.8,262407,25,34,1,0,0,47.4,1,0,1
 Strängnäs,2015,34102,6.2,22.1,305231,43,37,1,0,0,47.4,1,0,1
 Strängnäs,2016,34609,5.7,22.2,351055,44,38,1,0,0,47.4,1,0,1
 Strängnäs,2017,35045,5.3,22.5,368087,50,36,1,0,0,47.4,1,0,1
 Strömstad,2014,12694,7,21.8,274653,100,41,1,0,1,28.3,0,1,0
 Strömstad,2015,12854,6.7,22,393929,100,42,1,0,1,28.3,0,1,0
 Strömstad,2016,13079,5,22.1,522041,100,23,1,0,1,28.3,0,1,0
 Strömstad,2017,13218,5,22.1,354848,100,20,1,0,1,28.3,0,1,0
 Strömsund,2014,11873,8.7,28.4,330961,100,36,1,1,0,1.1,0,1,0
 Strömsund,2015,11712,8.5,28.9,348479,100,36,1,1,0,1.1,0,1,0
 Strömsund,2016,11809,8.5,28.8,352100,100,32,1,1,0,1.1,0,1,0
 Strömsund,2017,11791,9,28.9,339374,100,30,1,1,0,1.1,0,1,0
 Sundbyberg,2017,49424,8.9,12.6,205582,17,37,1,0,1,5689.1,0,0,1
 Sundbyberg,2016,47750,9.2,12.8,174700,20,37,1,0,1,5689.1,0,0,1
 Sundbyberg,2014,44090,8.7,13.1,161782,33,30,1,0,1,5689.1,0,0,1
 Sundbyberg,2015,46110,9.4,12.9,175629,50,36,1,0,1,5689.1,0,0,1
 Sundsvall,2017,98810,7,21.3,298786,64,45,1,0,0,31,1,0,1
 Sundsvall,2015,97633,7.9,21.2,269983,69,46,1,0,0,31,1,0,1
 Sundsvall,2016,98325,7.6,21.2,268772,76,43,1,0,0,31,1,0,1
 Sundsvall,2014,97338,7.9,21,263215,88,46,1,0,0,31,1,0,1
 Sunne,2014,13099,9.1,23.9,274458,75,37,1,0,1,10.3,0,1,1
 Sunne,2015,13208,10,23.9,236008,75,40,1,0,1,10.3,0,1,1
 Sunne,2017,13331,9,24.2,320138,80,41,1,0,1,10.3,0,1,1
 Sunne,2016,13425,9.2,23.8,268599,100,40,1,0,1,10.3,0,1,1
 Surahammar,2014,9918,4.8,24.5,234716,100,22,1,0,0,29.2,1,0,0
 Surahammar,2015,9985,8.2,24.8,146459,100,23,1,0,0,29.2,1,0,0
 Surahammar,2016,10059,10.1,25,171942,100,24,1,0,0,29.2,1,0,0
 Surahammar,2017,10037,10.6,25.2,183236,100,22,1,0,0,29.2,1,0,0
 Svedala,2014,20248,6.6,17.3,245390,100,25,1,0,1,96.7,0,0,0
 Svedala,2015,20462,6.6,17.6,237496,100,23,1,0,1,96.7,0,0,0
 Svedala,2016,20771,7.1,17.6,250602,100,21,1,0,1,96.7,0,0,0
 Svedala,2017,21074,6.7,17.6,264068,100,22,1,0,1,96.7,0,0,0
 Svenljunga,2014,10365,11.6,24.2,191606,83,31,1,0,0,11.6,1,0,1
 Svenljunga,2015,10506,11.8,24.4,190245,88,31,1,0,0,11.6,1,0,1
 Svenljunga,2016,10679,11.8,24.2,199668,100,31,1,0,0,11.6,1,0,1
 Svenljunga,2017,10659,11.9,24.7,210723,100,32,1,0,0,11.6,1,0,1
 Täby,2014,67334,13.7,19.2,122922,0,35,1,0,1,1160,0,0,1
 Täby,2015,68281,12.9,19.3,124119,0,35,1,0,1,1160,0,0,1
 Täby,2017,70405,12,19.1,122493,0,10,1,0,1,1160,0,0,1
 Täby,2016,69386,12.6,19.3,121169,7,33,1,0,1,1160,0,0,1
 Tanum,2014,12346,6.1,26.9,136430,100,23,1,0,1,13.9,0,1,0
 Tanum,2015,12455,6.1,27.4,261443,100,25,1,0,1,13.9,0,1,0
 Tanum,2016,12606,5.8,27.7,263655,100,26,1,0,1,13.9,0,1,0
 Tanum,2017,12763,5.6,27.7,266927,100,25,1,0,1,13.9,0,1,0
 Tibro,2014,10864,5.6,24.3,214976,100,23,1,0,0,50.5,0,1,0
 Tibro,2015,10980,5.8,24.2,197648,100,26,1,0,0,50.5,0,1,0
 Tibro,2016,11070,6.3,24.3,202927,100,25,1,0,0,50.5,0,1,0
 Tibro,2017,11110,6.8,24.2,237876,100,25,1,0,0,50.5,0,1,0
 Tidaholm,2014,12617,4.5,22.7,305838,100,20,1,1,0,24.8,0,1,0
 Tidaholm,2015,12669,4.7,22.9,298592,100,23,1,1,0,24.8,0,1,0
 Tidaholm,2016,12797,5,23,301951,100,22,1,1,0,24.8,0,1,0
 Tidaholm,2017,12827,4.8,23.2,324591,100,22,1,1,0,24.8,0,1,0
 Tierp,2014,20245,9.1,23.7,181587,67,27,1,1,0,13.5,1,0,1
 Tierp,2015,20547,8.7,23.6,207721,67,25,1,1,0,13.5,1,0,1
 Tierp,2017,20930,8.2,23.6,229153,88,22,1,1,0,13.5,1,0,1
 Tierp,2016,20744,8.5,23.6,217097,100,22,1,1,0,13.5,1,0,1
 Timrå,2014,18025,10.7,22.4,164786,100,44,1,1,0,23,1,0,0
 Timrå,2015,17987,11.6,22.6,156724,100,43,1,1,0,23,1,0,0
 Timrå,2016,17992,11.3,22.9,157185,100,43,1,1,0,23,1,0,0
 Timrå,2017,18030,11,22.8,170641,100,42,1,1,0,23,1,0,0
 Tingsryd,2014,12198,7.6,27.7,300577,100,21,1,0,0,11.9,1,0,0
 Tingsryd,2015,12260,7.7,27.5,296589,100,22,1,0,0,11.9,1,0,0
 Tingsryd,2016,12393,7.4,27.4,313605,100,23,1,0,0,11.9,1,0,0
 Tingsryd,2017,12451,7.4,27.5,322893,100,24,1,0,0,11.9,1,0,0
 Tjörn,2014,15135,3.9,25.1,374765,50,32,1,0,1,94.3,0,1,1
 Tjörn,2015,15315,4.1,25.6,417603,67,33,1,0,1,94.3,0,1,1
 Tjörn,2016,15584,4.4,26.4,356879,67,33,1,0,1,94.3,0,1,1
 Tjörn,2017,15790,4.4,26.7,368591,100,31,1,0,1,94.3,0,1,1
 Tomelilla,2014,13007,7,24,267753,50,26,1,0,1,33.9,0,1,1
 Tomelilla,2017,13416,6,24.5,317061,50,27,1,0,1,33.9,0,1,1
 Tomelilla,2015,13132,6.5,24.2,272631,60,27,1,0,1,33.9,0,1,1
 Tomelilla,2016,13330,6.3,24.3,278410,60,28,1,0,1,33.9,0,1,1
 Töreboda,2014,9072,6.5,24.5,354099,100,27,1,0,1,17.4,0,1,0
 Töreboda,2015,9293,7,24.3,313138,100,31,1,0,1,17.4,0,1,0
 Töreboda,2016,9435,8.2,24.3,287565,100,32,1,0,1,17.4,0,1,0
 Töreboda,2017,9414,8.7,25,271710,100,37,1,0,1,17.4,0,1,0
 Torsås,2014,6925,8.7,27.4,291810,100,34,1,0,0,15.1,0,1,0
 Torsås,2015,6943,10,27.6,288759,100,40,1,0,0,15.1,0,1,0
 Torsås,2016,7063,10,27.5,305834,100,38,1,0,0,15.1,0,1,0
 Torsås,2017,7083,10.4,27.6,305834,100,38,1,0,0,15.1,0,1,0
 Torsby,2014,11992,10.8,27.6,203430,100,36,1,0,0,2.9,0,1,0
 Torsby,2015,11910,11.1,28.3,204107,100,43,1,0,0,2.9,0,1,0
 Torsby,2016,12169,11.1,27.4,215537,100,45,1,0,0,2.9,0,1,0
 Torsby,2017,11890,9.5,28.1,259225,100,53,1,0,0,2.9,0,1,0
 Tranås,2015,18546,7.8,24.4,290886,75,37,1,0,1,46.9,1,0,1
 Tranås,2014,18416,7.8,24.2,235048,80,35,1,0,1,46.9,1,0,1
 Tranås,2016,18794,6.7,24.4,385524,80,25,1,0,1,46.9,1,0,1
 Tranås,2017,18894,6.2,24.4,395291,80,26,1,0,1,46.9,1,0,1
 Tranemo,2016,11776,6.9,24,258618,75,18,1,0,0,16,1,0,0
 Tranemo,2014,11640,6.9,23.6,238163,100,19,1,0,0,16,1,0,0
 Tranemo,2015,11619,7.1,23.9,233654,100,19,1,0,0,16,1,0,0
 Tranemo,2017,11841,7,24.2,247275,100,16,1,0,0,16,1,0,0
 Trelleborg,2017,44595,6.8,21.4,191369,58,39,1,0,0,131.2,0,0,1
 Trelleborg,2014,42973,8.6,21.3,150552,64,33,1,0,0,131.2,0,0,1
 Trelleborg,2016,43913,7.6,21.5,180812,67,41,1,0,0,131.2,0,0,1
 Trelleborg,2015,43359,8.7,21.4,155226,83,36,1,0,0,131.2,0,0,1
 Trollhättan,2014,56929,7.7,18.6,233513,100,45,1,1,0,142.1,1,0,0
 Trollhättan,2015,57092,7.6,18.8,259141,100,46,1,1,0,142.1,1,0,0
 Trollhättan,2016,57753,7.5,18.8,281362,100,46,1,1,0,142.1,1,0,0
 Trollhättan,2017,58238,7.4,18.9,309048,100,45,1,1,0,142.1,1,0,0
 Trosa,2015,12078,8,23.7,162081,50,45,1,0,1,61.6,1,0,0
 Trosa,2014,11864,7.9,23,150833,100,38,1,0,1,61.6,1,0,0
 Trosa,2016,12447,8.1,24.1,207387,100,47,1,0,1,61.6,1,0,0
 Trosa,2017,12916,7.6,24.3,261477,100,48,1,0,1,61.6,1,0,0
 Tyresö,2014,45390,6,16.7,227958,33,44,1,0,1,683.3,0,0,1
 Tyresö,2016,47103,6.2,16.6,255340,40,44,1,0,1,683.3,0,0,1
 Tyresö,2015,46177,6.3,16.6,237853,100,45,1,0,1,683.3,0,0,1
 Tyresö,2017,47304,6.4,16.6,239676,100,42,1,0,1,683.3,0,0,1
 Uddevalla,2015,54180,7.6,20.9,268737,88,52,1,1,0,87.4,1,0,1
 Uddevalla,2014,53517,7.6,20.9,255002,94,51,1,1,0,87.4,1,0,1
 Uddevalla,2017,55763,7.3,20.8,309466,94,51,1,1,0,87.4,1,0,1
 Uddevalla,2016,55164,7.2,20.8,256838,100,54,1,1,0,87.4,1,0,1
 Ulricehamn,2014,23244,7,23,272545,45,22,1,1,0,23.2,1,0,1
 Ulricehamn,2015,23494,6.9,23.4,250027,50,22,1,1,0,23.2,1,0,1
 Ulricehamn,2016,23887,7.2,23.3,226538,56,21,1,1,0,23.2,1,0,1
 Ulricehamn,2017,24296,7.1,23.3,255378,71,21,1,1,0,23.2,1,0,1
 Umeå,2014,119613,8.4,16.1,201505,6,41,1,1,0,54,1,0,1
 Umeå,2015,120777,8.3,16.4,212063,10,42,1,1,0,54,1,0,1
 Umeå,2016,122892,8.2,16.5,219942,11,43,1,1,0,54,1,0,1
 Umeå,2017,125080,8.3,16.6,226322,55,41,1,1,0,54,1,0,1
 Upplands Väsby,2014,41816,8.8,16.8,114733,0,23,1,1,0,117.4,0,0,1
 Upplands Väsby,2015,42661,8.8,16.8,114733,0,23,1,1,0,117.4,0,0,1
 Upplands Väsby,2016,43891,9,16.8,107854,0,29,1,1,0,117.4,0,0,1
 Upplands Väsby,2017,44605,9.2,16.9,96348,0,30,1,1,0,117.4,0,0,1
 Upplands-Bro,2016,26755,7.9,16.1,172616,33,25,1,0,0,594.7,0,0,1
 Upplands-Bro,2015,25789,8.4,16.4,134459,41.5,22,1,0,0,594.7,0,0,1
 Upplands-Bro,2014,25287,7.8,16.3,112693,50,22,1,0,0,594.7,0,0,1
 Upplands-Bro,2017,27614,7.9,16,162903,60,29,1,0,0,594.7,0,0,1
 Uppsala,2014,207362,7.2,16.3,240992,27,45,1,1,0,100.8,1,0,1
 Uppsala,2015,210126,7.1,16.5,246884,33,40,1,1,0,100.8,1,0,1
 Uppsala,2016,214559,6.9,16.7,236544,41,34,1,1,0,100.8,1,0,1
 Uppsala,2017,219914,7,16.7,250565,45,34,1,1,0,100.8,1,0,1
 Uppvidinge,2014,9222,7.8,24.6,248730,100,18,1,0,1,8.2,1,0,0
 Uppvidinge,2015,9319,7.9,24.7,206588,100,19,1,0,1,8.2,1,0,0
 Uppvidinge,2016,9508,8.4,24.5,203172,100,21,1,0,1,8.2,1,0,0
 Uppvidinge,2017,9561,8.7,24.5,233936,100,23,1,0,1,8.2,1,0,0
 Vadstena,2014,7393,7.6,30.8,165291,100,26,1,1,0,38.7,0,1,0
 Vadstena,2015,7407,8.1,31.3,193875,100,28,1,1,0,38.7,0,1,0
 Vadstena,2016,7348,7.4,31.5,213481,100,27,1,1,0,38.7,0,1,0
 Vadstena,2017,7421,7.3,31.2,195207,100,33,1,1,0,38.7,0,1,0
 Vaggeryd,2015,13372,6.4,20.1,260257,67,25.5,1,0,1,16.8,1,0,1
 Vaggeryd,2016,13644,6.5,20,167646,83.5,24,1,0,1,16.8,1,0,1
 Vaggeryd,2014,13229,6.8,20,255542,100,27,1,0,1,16.8,1,0,1
 Vaggeryd,2017,13840,6.4,20,173479,100,23,1,0,1,16.8,1,0,1
 Valdemarsvik,2014,7657,6.6,30,245224,100,32,1,1,0,10.8,1,0,0
 Valdemarsvik,2015,7747,6.7,30.7,301976,100,29,1,1,0,10.8,1,0,0
 Valdemarsvik,2016,7809,6.7,30.6,269157,100,33,1,1,0,10.8,1,0,0
 Valdemarsvik,2017,7920,6.5,30.9,288238,100,43,1,1,0,10.8,1,0,0
 Vallentuna,2015,32380,8,15.4,156016,33,38,1,0,1,92.7,0,0,1
 Vallentuna,2016,32785,8.2,15.5,146225,50,34,1,0,1,92.7,0,0,1
 Vallentuna,2017,33175,8.2,15.6,157209,50,34,1,0,1,92.7,0,0,1
 Vallentuna,2014,31969,7.4,15.3,150449,100,36,1,0,1,92.7,0,0,1
 Vänersborg,2014,37890,10.3,22,180805,80,35,1,0,0,60.9,1,0,0
 Vänersborg,2015,38381,9.9,22.2,201426,100,37,1,0,0,60.9,1,0,0
 Vänersborg,2016,38955,9.7,22.1,221755,100,37,1,0,0,60.9,1,0,0
 Vänersborg,2017,39151,10.2,22.2,226132,100,30,1,0,0,60.9,1,0,0
 Vansbro,2016,6884,6.9,26.3,302846,67,38,1,0,0,4.4,0,1,1
 Vansbro,2017,6837,6.9,26.8,292286,67,33,1,0,0,4.4,0,1,1
 Vansbro,2014,6694,6.6,26.7,257758,75,35,1,0,0,4.4,0,1,1
 Vansbro,2015,6715,6.8,26.7,261245,75,36,1,0,0,4.4,0,1,1
 Vara,2014,15597,9.7,23.2,212757,83,43,1,1,0,22.9,0,1,1
 Vara,2015,15662,11.4,23.3,181665,83,45,1,1,0,22.9,0,1,1
 Vara,2016,15788,12.1,23.3,169933,83,38,1,1,0,22.9,0,1,1
 Vara,2017,15942,12.5,23.3,168167,83,40,1,1,0,22.9,0,1,1
 Varberg,2014,60422,7.2,22.3,231767,45,40,1,0,1,72.2,0,1,1
 Varberg,2016,61868,7.5,22.9,240527,45,38,1,0,1,72.2,0,1,1
 Varberg,2015,61030,7.3,22.7,235296,50,40,1,0,1,72.2,0,1,1
 Varberg,2017,62755,7.4,23.1,238857,50,39,1,0,1,72.2,0,1,1
 Värmdö,2017,43444,7.1,16.5,270126,20,36,1,0,1,96.9,0,0,1
 Värmdö,2016,42000,6.5,16.5,280668,29,39,1,0,1,96.9,0,0,1
 Värmdö,2015,41107,6.5,16.4,267142,33,41,1,0,1,96.9,0,0,1
 Värmdö,2014,40541,4.9,16.1,326455,50,44,1,0,1,96.9,0,0,1
 Värnamo,2014,33334,8,20.7,256004,94,31,1,0,1,28.1,0,1,1
 Värnamo,2015,33473,7.9,20.8,260086,94,29,1,0,1,28.1,0,1,1
 Värnamo,2016,33906,7.6,20.8,284480,94,32,1,0,1,28.1,0,1,1
 Värnamo,2017,34206,7.1,20.9,309893,94,32,1,0,1,28.1,0,1,1
 Västerås,2014,143702,10.9,19.5,168543,10,33,1,0,0,156.6,1,0,1
 Västerås,2016,147420,10.7,19.7,175378,29,33,1,0,0,156.6,1,0,1
 Västerås,2017,150134,10,19.6,180067,30,29,1,0,0,156.6,1,0,1
 Västerås,2015,145218,11.1,19.7,176402,31,36,1,0,0,156.6,1,0,1
 Västervik,2016,36438,7.8,27.6,281630,65,34,1,0,0,19.5,0,1,1
 Västervik,2017,36551,7.3,27.9,289379,69,36,1,0,0,19.5,0,1,1
 Västervik,2014,35920,7.6,27,238374,72,29,1,0,0,19.5,0,1,1
 Västervik,2015,36049,7.7,27.3,229597,75,31,1,0,0,19.5,0,1,1
 Vaxholm,2014,11329,6.4,18.7,208128,100,34,1,0,1,204.6,0,0,0
 Vaxholm,2015,11380,5.9,19.2,220481,100,35,1,0,1,204.6,0,0,0
 Vaxholm,2016,11621,5.4,19.6,212843,100,30,1,0,1,204.6,0,0,0
 Vaxholm,2017,11831,6.2,20,194123,100,26,1,0,1,204.6,0,0,0
 Växjö,2017,91060,10.6,18.6,201824,75,40,1,0,1,54.7,1,0,1
 Växjö,2015,88108,10.1,18.6,191152,85,42,1,0,1,54.7,1,0,1
 Växjö,2014,86970,9,18.4,213223,86,44,1,0,1,54.7,1,0,1
 Växjö,2016,89500,10.4,18.7,199842,89,41,1,0,1,54.7,1,0,1
 Vellinge,2014,34110,5.8,22.4,240504,0,37,1,0,1,250.9,0,0,1
 Vellinge,2015,34667,5.8,22.6,246947,0,35,1,0,1,250.9,0,0,1
 Vellinge,2016,35257,5.5,22.6,277316,0,35,1,0,1,250.9,0,0,1
 Vellinge,2017,35790,5.5,22.6,291383,0,35,1,0,1,250.9,0,0,1
 Vetlanda,2015,26873,7.6,23.3,255399,82,30,1,1,0,18.3,0,1,1
 Vetlanda,2014,26647,8.3,23.1,215317,85,32,1,1,0,18.3,0,1,1
 Vetlanda,2016,27241,7.3,23.3,281247,85,31,1,1,0,18.3,0,1,1
 Vetlanda,2017,27415,7.1,23.4,298059,90,33,1,1,0,18.3,0,1,1
 Vilhelmina,2014,6848,8.8,24.4,209395,100,36,1,1,0,0.8,0,1,0
 Vilhelmina,2015,6829,9.3,24.8,224854,100,35,1,1,0,0.8,0,1,0
 Vilhelmina,2016,6805,7.8,25.1,232163,100,34,1,1,0,0.8,0,1,0
 Vilhelmina,2017,6787,7.6,25.1,251130,100,46,1,1,0,0.8,0,1,0
 Vimmerby,2014,15297,6.7,24.7,378094,100,55,1,0,0,13.8,0,1,0
 Vimmerby,2015,15419,6.5,24.5,374269,100,53,1,0,0,13.8,0,1,0
 Vimmerby,2016,15636,6.1,24.4,381017,100,48,1,0,0,13.8,0,1,0
 Vimmerby,2017,15728,10.3,24.5,241913,100,42,1,0,0,13.8,0,1,0
 Vindeln,2014,5383,12,27.6,205171,100,33,1,1,0,2.1,1,0,0
 Vindeln,2015,5371,12,28.1,205171,100,33,1,1,0,2.1,1,0,0
 Vindeln,2016,5413,12.1,28.1,211980,100,31,1,1,0,2.1,1,0,0
 Vindeln,2017,5412,11.4,28,198778,100,29,1,1,0,2.1,1,0,0
 Vingåker,2014,8919,6.4,25.4,188399,100,33,1,1,0,24.8,0,1,0
 Vingåker,2015,8953,6.6,25.6,203243,100,31,1,1,0,24.8,0,1,0
 Vingåker,2016,9099,6.3,25.6,207313,100,35,1,1,0,24.8,0,1,0
 Vingåker,2017,9180,6.6,25.8,222812,100,27,1,1,0,24.8,0,1,0
 Ydre,2014,3660,7.9,27.9,256190,100,28,1,0,0,5.5,0,1,0
 Ydre,2015,3658,9.5,28.4,183797,100,26,1,0,0,5.5,0,1,0
 Ydre,2016,3675,10.7,28.9,170328,100,16,1,0,0,5.5,0,1,0
 Ydre,2017,3733,11,28.4,208516,100,16,1,0,0,5.5,0,1,0
 Ystad,2014,28771,8.2,26.2,211162,100,36,1,0,0,85.3,0,1,0
 Ystad,2015,28985,8.8,26.4,193222,100,33,1,0,0,85.3,0,1,0
 Ystad,2016,29448,9.3,26.5,184684,100,34,1,0,0,85.3,0,1,0
 Ystad,2017,29848,10,26.9,185366,100,30,1,0,0,85.3,0,1,0
